iteration,time_iter,time_primal_forward,time_primal_backward,time_dual_forward,time_dual_backward,time_pruning
1,0.1055290699005127,0.015724897384643555,0.004334211349487305,0.07704997062683105,0.007838010787963867,0.0
2,0.02590799331665039,0.012349843978881836,0.004113912582397461,0.0,0.0,0.0
3,0.03632497787475586,0.013020038604736328,0.0044460296630859375,0.0,0.0,0.0
4,0.0676720142364502,0.030842065811157227,0.004601001739501953,0.0,0.0,0.0
5,0.02586507797241211,0.013757944107055664,0.004492998123168945,0.0,0.0,0.0
6,0.040335893630981445,0.012880086898803711,0.021892070770263672,0.0,0.0,0.0
7,0.02393794059753418,0.013355016708374023,0.004188060760498047,0.0,0.0,0.0
8,0.029529094696044922,0.014065027236938477,0.0048389434814453125,0.0,0.0,0.0
9,0.0267488956451416,0.013525962829589844,0.0049169063568115234,0.0,0.0,0.0
10,0.027554035186767578,0.014111995697021484,0.0048980712890625,0.0,0.0,0.0
11,0.07790803909301758,0.013641119003295898,0.004224061965942383,0.05260491371154785,0.006630897521972656,0.0
12,0.09577512741088867,0.033696889877319336,0.004923820495605469,0.0,0.0,0.0
13,0.03249788284301758,0.014127969741821289,0.004633188247680664,0.0,0.0,0.0
14,0.02754998207092285,0.014715909957885742,0.004419803619384766,0.0,0.0,0.0
15,0.039186954498291016,0.013898134231567383,0.005102872848510742,0.0,0.0,0.0
16,0.03905010223388672,0.014719009399414062,0.004712104797363281,0.0,0.0,0.0
17,0.02962207794189453,0.014352083206176758,0.0048940181732177734,0.0,0.0,0.0
18,0.0381472110748291,0.014847993850708008,0.005321025848388672,0.0,0.0,0.0
19,0.03607797622680664,0.014158964157104492,0.004602909088134766,0.0,0.0,0.0
20,0.04819202423095703,0.02996516227722168,0.005589962005615234,0.0,0.0,0.0
21,0.07575488090515137,0.01468205451965332,0.004806995391845703,0.04969501495361328,0.005851030349731445,0.0
22,0.06698489189147949,0.016065120697021484,0.004896879196166992,0.0,0.0,0.0
23,0.030838966369628906,0.015037059783935547,0.005228996276855469,0.0,0.0,0.0
24,0.03278303146362305,0.015240907669067383,0.00506901741027832,0.0,0.0,0.0
25,0.02775096893310547,0.015713930130004883,0.005145072937011719,0.0,0.0,0.0
26,0.03243303298950195,0.015043020248413086,0.005911111831665039,0.0,0.0,0.0
27,0.04873299598693848,0.016031980514526367,0.00541996955871582,0.0,0.0,0.0
28,0.03298306465148926,0.016849994659423828,0.005345821380615234,0.0,0.0,0.0
29,0.0368959903717041,0.016713857650756836,0.004751920700073242,0.0,0.0,0.0
30,0.04457283020019531,0.015311002731323242,0.005553007125854492,0.0,0.0,0.0
31,0.11087703704833984,0.016642093658447266,0.005288124084472656,0.08139300346374512,0.006802082061767578,0.0
32,0.10244607925415039,0.01715683937072754,0.004950046539306641,0.0,0.0,0.0
33,0.032959938049316406,0.017444133758544922,0.005372047424316406,0.0,0.0,0.0
34,0.04927992820739746,0.016894817352294922,0.005983114242553711,0.0,0.0,0.0
35,0.03751111030578613,0.018674850463867188,0.005888938903808594,0.0,0.0,0.0
36,0.038537025451660156,0.016510009765625,0.005627870559692383,0.0,0.0,0.0
37,0.0392148494720459,0.016689062118530273,0.005545139312744141,0.0,0.0,0.0
38,0.04790091514587402,0.01723003387451172,0.005797147750854492,0.0,0.0,0.0
39,0.051898956298828125,0.01626896858215332,0.005918979644775391,0.0,0.0,0.0
40,0.036962032318115234,0.017379045486450195,0.005427122116088867,0.0,0.0,0.0
41,0.1021430492401123,0.029156923294067383,0.005423069000244141,0.05891108512878418,0.007830142974853516,0.0
42,0.09279704093933105,0.01791691780090332,0.005717039108276367,0.0,0.0,0.0
43,0.04957318305969238,0.017696142196655273,0.005569934844970703,0.0,0.0,0.0
44,0.0376429557800293,0.016968965530395508,0.005897045135498047,0.0,0.0,0.0
45,0.03516697883605957,0.017973899841308594,0.005800008773803711,0.0,0.0,0.0
46,0.04214882850646973,0.01886296272277832,0.005589008331298828,0.0,0.0,0.0
47,0.055639028549194336,0.017644882202148438,0.006048917770385742,0.0,0.0,0.0
48,0.04149293899536133,0.019464969635009766,0.006321907043457031,0.0,0.0,0.0
49,0.039932966232299805,0.018265962600708008,0.005792856216430664,0.0,0.0,0.0
50,0.03719210624694824,0.018513917922973633,0.006530046463012695,0.0,0.0,0.0
51,0.06851816177368164,0.018713951110839844,0.0059299468994140625,0.03703618049621582,0.00598597526550293,0.0
52,0.06386399269104004,0.019310951232910156,0.006320953369140625,0.0,0.0,0.0
53,0.05247616767883301,0.0186769962310791,0.005886077880859375,0.0,0.0,0.0
54,0.036618947982788086,0.018002986907958984,0.005649089813232422,0.0,0.0,0.0
55,0.04665398597717285,0.019828081130981445,0.006021022796630859,0.0,0.0,0.0
56,0.03801107406616211,0.019715070724487305,0.005835056304931641,0.0,0.0,0.0
57,0.04056715965270996,0.020256996154785156,0.006204128265380859,0.0,0.0,0.0
58,0.045751094818115234,0.019861936569213867,0.006224155426025391,0.0,0.0,0.0
59,0.049078941345214844,0.032527923583984375,0.005973100662231445,0.0,0.0,0.0
60,0.04435896873474121,0.020906925201416016,0.006248950958251953,0.0,0.0,0.0
61,0.08368110656738281,0.02130603790283203,0.006479978561401367,0.04817914962768555,0.006735086441040039,0.0
62,0.05995917320251465,0.021723031997680664,0.006188869476318359,0.0,0.0,0.0
63,0.043250083923339844,0.02048182487487793,0.006310939788818359,0.0,0.0,0.0
64,0.04371380805969238,0.0216219425201416,0.0065271854400634766,0.0,0.0,0.0
65,0.0554499626159668,0.0330808162689209,0.0062329769134521484,0.0,0.0,0.0
66,0.04559206962585449,0.022031068801879883,0.006293058395385742,0.0,0.0,0.0
67,0.04726409912109375,0.022183895111083984,0.006153106689453125,0.0,0.0,0.0
68,0.046894073486328125,0.02294301986694336,0.006309032440185547,0.0,0.0,0.0
69,0.04030108451843262,0.022561073303222656,0.006430864334106445,0.0,0.0,0.0
70,0.05944490432739258,0.022294044494628906,0.006333112716674805,0.0,0.0,0.0
71,0.09322285652160645,0.02113819122314453,0.00636601448059082,0.05186605453491211,0.012881040573120117,0.0
72,0.08570408821105957,0.022649049758911133,0.0062520503997802734,0.0,0.0,0.0
73,0.051733970642089844,0.02170109748840332,0.00616002082824707,0.0,0.0,0.0
74,0.04827308654785156,0.02345585823059082,0.006247043609619141,0.0,0.0,0.0
75,0.050935983657836914,0.02329277992248535,0.0063898563385009766,0.0,0.0,0.0
76,0.05958294868469238,0.03473091125488281,0.006678104400634766,0.0,0.0,0.0
77,0.0472259521484375,0.022566795349121094,0.006249904632568359,0.0,0.0,0.0
78,0.05360007286071777,0.02233290672302246,0.006549835205078125,0.0,0.0,0.0
79,0.04961991310119629,0.0225980281829834,0.006685018539428711,0.0,0.0,0.0
80,0.04651904106140137,0.02421092987060547,0.00644683837890625,0.0,0.0,0.0
81,0.13271808624267578,0.035696983337402344,0.006532192230224609,0.07511591911315918,0.014391183853149414,0.0
82,0.08675718307495117,0.0225830078125,0.006019115447998047,0.0,0.0,0.0
83,0.05045890808105469,0.024180173873901367,0.0062160491943359375,0.0,0.0,0.0
84,0.04535198211669922,0.024247169494628906,0.0063588619232177734,0.0,0.0,0.0
85,0.04545903205871582,0.025367021560668945,0.006855010986328125,0.0,0.0,0.0
86,0.06186509132385254,0.035492897033691406,0.0074329376220703125,0.0,0.0,0.0
87,0.04857993125915527,0.025274038314819336,0.006855010986328125,0.0,0.0,0.0
88,0.04673504829406738,0.02557682991027832,0.006577968597412109,0.0,0.0,0.0
89,0.04859590530395508,0.025554180145263672,0.007031917572021484,0.0,0.0,0.0
90,0.05162477493286133,0.025948047637939453,0.007069110870361328,0.0,0.0,0.0
91,0.11451101303100586,0.03807401657104492,0.0071828365325927734,0.05832982063293457,0.00987696647644043,0.0
92,0.07216787338256836,0.025837182998657227,0.007050037384033203,0.0,0.0,0.0
93,0.062209129333496094,0.02726602554321289,0.00748896598815918,0.0,0.0,0.0
94,0.05465984344482422,0.025722980499267578,0.007422924041748047,0.0,0.0,0.0
95,0.05484914779663086,0.02581501007080078,0.006991147994995117,0.0,0.0,0.0
96,0.06963300704956055,0.039335012435913086,0.0077970027923583984,0.0,0.0,0.0
97,0.060938119888305664,0.027540922164916992,0.006982088088989258,0.0,0.0,0.0
98,0.059554100036621094,0.026160001754760742,0.00703883171081543,0.0,0.0,0.0
99,0.06505703926086426,0.02891707420349121,0.007217884063720703,0.0,0.0,0.0
100,0.0794520378112793,0.026693105697631836,0.007174015045166016,0.0,0.0,0.01566910743713379
101,0.06783103942871094,0.021798133850097656,0.008029937744140625,0.02960681915283203,0.007356882095336914,0.0
102,0.07212400436401367,0.023113012313842773,0.007124900817871094,0.0,0.0,0.0
103,0.04599499702453613,0.021385908126831055,0.0072710514068603516,0.0,0.0,0.0
104,0.04771113395690918,0.022202014923095703,0.008363962173461914,0.0,0.0,0.0
105,0.06352710723876953,0.032446861267089844,0.007561922073364258,0.0,0.0,0.0
106,0.07082104682922363,0.023311853408813477,0.027913808822631836,0.0,0.0,0.0
107,0.05527186393737793,0.022248029708862305,0.008125782012939453,0.0,0.0,0.0
108,0.05007290840148926,0.022834062576293945,0.007904052734375,0.0,0.0,0.0
109,0.05597519874572754,0.02294611930847168,0.007236957550048828,0.0,0.0,0.0
110,0.062052011489868164,0.036685943603515625,0.007291078567504883,0.0,0.0,0.0
111,0.07346177101135254,0.02343893051147461,0.0071468353271484375,0.03453207015991211,0.00728297233581543,0.0
112,0.07599711418151855,0.022680044174194336,0.007851839065551758,0.0,0.0,0.0
113,0.04900002479553223,0.02291393280029297,0.0075531005859375,0.0,0.0,0.0
114,0.06870603561401367,0.03473615646362305,0.00819706916809082,0.0,0.0,0.0
115,0.06052589416503906,0.02480006217956543,0.007270097732543945,0.0,0.0,0.0
116,0.06220602989196777,0.025115013122558594,0.007979154586791992,0.0,0.0,0.0
117,0.06267499923706055,0.02551412582397461,0.008183956146240234,0.0,0.0,0.0
118,0.06076502799987793,0.025157928466796875,0.006906032562255859,0.0,0.0,0.0
119,0.07115292549133301,0.03814697265625,0.008083820343017578,0.0,0.0,0.0
120,0.06465697288513184,0.025896072387695312,0.00867915153503418,0.0,0.0,0.0
121,0.08270597457885742,0.02579498291015625,0.0070459842681884766,0.04107093811035156,0.007734060287475586,0.0
122,0.09862589836120605,0.027294158935546875,0.007848978042602539,0.0,0.0,0.0
123,0.04490089416503906,0.0245511531829834,0.007534980773925781,0.0,0.0,0.0
124,0.058547019958496094,0.027211904525756836,0.008419990539550781,0.0,0.0,0.0
125,0.0578310489654541,0.022891998291015625,0.007456064224243164,0.0,0.0,0.0
126,0.06432795524597168,0.026031017303466797,0.008754968643188477,0.0,0.0,0.0
127,0.05726981163024902,0.025936126708984375,0.008004903793334961,0.0,0.0,0.0
128,0.06655216217041016,0.038398027420043945,0.008001089096069336,0.0,0.0,0.0
129,0.0553591251373291,0.0274810791015625,0.00846099853515625,0.0,0.0,0.0
130,0.057009220123291016,0.027425050735473633,0.007338047027587891,0.0,0.0,0.0
131,0.0756828784942627,0.027736186981201172,0.007987022399902344,0.030678987503051758,0.008114099502563477,0.0
132,0.08361101150512695,0.03938913345336914,0.0075490474700927734,0.0,0.0,0.0
133,0.06106209754943848,0.027816057205200195,0.008396148681640625,0.0,0.0,0.0
134,0.06180214881896973,0.028069019317626953,0.007317066192626953,0.0,0.0,0.0
135,0.06943893432617188,0.028944015502929688,0.008660078048706055,0.0,0.0,0.0
136,0.05990791320800781,0.029644012451171875,0.008713960647583008,0.0,0.0,0.0
137,0.05820798873901367,0.027720928192138672,0.008032083511352539,0.0,0.0,0.0
138,0.0589299201965332,0.028406143188476562,0.00793600082397461,0.0,0.0,0.0
139,0.057849884033203125,0.028656005859375,0.0072422027587890625,0.0,0.0,0.0
140,0.06503987312316895,0.030126094818115234,0.008156061172485352,0.0,0.0,0.0
141,0.10700798034667969,0.043035030364990234,0.007801055908203125,0.043599843978881836,0.01130986213684082,0.0
142,0.0860600471496582,0.03130698204040527,0.008125066757202148,0.0,0.0,0.0
143,0.08342790603637695,0.02979898452758789,0.026638031005859375,0.0,0.0,0.0
144,0.054463863372802734,0.029572010040283203,0.007863998413085938,0.0,0.0,0.0
145,0.08279204368591309,0.04417586326599121,0.008212804794311523,0.0,0.0,0.0
146,0.06974291801452637,0.0324249267578125,0.007306098937988281,0.0,0.0,0.0
147,0.06455683708190918,0.03213310241699219,0.00791311264038086,0.0,0.0,0.0
148,0.05681586265563965,0.03011918067932129,0.008006095886230469,0.0,0.0,0.0
149,0.08492302894592285,0.04454493522644043,0.008928060531616211,0.0,0.0,0.0
150,0.06742119789123535,0.031136035919189453,0.007689952850341797,0.0,0.0,0.0
151,0.0944211483001709,0.03170895576477051,0.008015155792236328,0.04358196258544922,0.009900093078613281,0.0
152,0.07728004455566406,0.032865047454833984,0.007200956344604492,0.0,0.0,0.0
153,0.0826270580291748,0.044690847396850586,0.00865793228149414,0.0,0.0,0.0
154,0.0658409595489502,0.03097701072692871,0.007832050323486328,0.0,0.0,0.0
155,0.06987905502319336,0.0332942008972168,0.008548974990844727,0.0,0.0,0.0
156,0.06576299667358398,0.033677101135253906,0.008105993270874023,0.0,0.0,0.0
157,0.07259893417358398,0.04478001594543457,0.008504867553710938,0.0,0.0,0.0
158,0.07383203506469727,0.033785104751586914,0.008974075317382812,0.0,0.0,0.0
159,0.08209705352783203,0.034876108169555664,0.007452964782714844,0.0,0.0,0.0
160,0.0624690055847168,0.03533506393432617,0.00872802734375,0.0,0.0,0.0
161,0.08701801300048828,0.04599308967590332,0.00847005844116211,0.0224611759185791,0.00861501693725586,0.0
162,0.0802919864654541,0.03277301788330078,0.008096933364868164,0.0,0.0,0.0
163,0.0697329044342041,0.035462141036987305,0.009058952331542969,0.0,0.0,0.0
164,0.0672140121459961,0.03331398963928223,0.008137941360473633,0.0,0.0,0.0
165,0.07845902442932129,0.044142961502075195,0.007910966873168945,0.0,0.0,0.0
166,0.07088303565979004,0.034446001052856445,0.008179903030395508,0.0,0.0,0.0
167,0.06209397315979004,0.0336148738861084,0.007424831390380859,0.0,0.0,0.0
168,0.062178850173950195,0.03568005561828613,0.007880926132202148,0.0,0.0,0.0
169,0.09444499015808105,0.05055880546569824,0.008589982986450195,0.0,0.0,0.0
170,0.07671308517456055,0.03677797317504883,0.008651018142700195,0.0,0.0,0.0
171,0.0817718505859375,0.035392045974731445,0.008496999740600586,0.028250932693481445,0.008369207382202148,0.0
172,0.07470512390136719,0.035501956939697266,0.008170843124389648,0.0,0.0,0.0
173,0.0732719898223877,0.0394289493560791,0.008419990539550781,0.0,0.0,0.0
174,0.06539607048034668,0.037626028060913086,0.008746862411499023,0.0,0.0,0.0
175,0.07509207725524902,0.039298057556152344,0.008083105087280273,0.0,0.0,0.0
176,0.08115696907043457,0.050987958908081055,0.007703065872192383,0.0,0.0,0.0
177,0.06975793838500977,0.03984403610229492,0.008362054824829102,0.0,0.0,0.0
178,0.06050920486450195,0.04138898849487305,0.007948160171508789,0.0,0.0,0.0
179,0.06885194778442383,0.03963899612426758,0.007723093032836914,0.0,0.0,0.0
180,0.06533312797546387,0.04228401184082031,0.008049964904785156,0.0,0.0,0.0
181,0.09843301773071289,0.04132509231567383,0.009446144104003906,0.0322878360748291,0.013868093490600586,0.0
182,0.09876680374145508,0.040647029876708984,0.007703065872192383,0.0,0.0,0.0
183,0.07589411735534668,0.052108049392700195,0.007714986801147461,0.0,0.0,0.0
184,0.0682220458984375,0.035962820053100586,0.008149862289428711,0.0,0.0,0.0
185,0.08565306663513184,0.042510986328125,0.008748054504394531,0.0,0.0,0.0
186,0.08992695808410645,0.041207075119018555,0.00940394401550293,0.0,0.0,0.0
187,0.07246994972229004,0.04414796829223633,0.009062051773071289,0.0,0.0,0.0
188,0.08796310424804688,0.0439000129699707,0.010421037673950195,0.0,0.0,0.0
189,0.08349299430847168,0.045554161071777344,0.009846925735473633,0.0,0.0,0.0
190,0.0891261100769043,0.057641029357910156,0.008857965469360352,0.0,0.0,0.0
191,0.0950319766998291,0.04769611358642578,0.008044958114624023,0.028544902801513672,0.009341955184936523,0.0
192,0.09122776985168457,0.04606890678405762,0.00912785530090332,0.0,0.0,0.0
193,0.09224605560302734,0.05423784255981445,0.00886082649230957,0.0,0.0,0.0
194,0.06737494468688965,0.04612994194030762,0.008693933486938477,0.0,0.0,0.0
195,0.0755770206451416,0.0454859733581543,0.008537054061889648,0.0,0.0,0.0
196,0.09334206581115723,0.046547889709472656,0.009424924850463867,0.0,0.0,0.0
197,0.0717000961303711,0.04674410820007324,0.009104013442993164,0.0,0.0,0.0
198,0.08656907081604004,0.04549384117126465,0.009675025939941406,0.0,0.0,0.0
199,0.09164714813232422,0.04370307922363281,0.009090900421142578,0.0,0.0,0.0
200,0.09144186973571777,0.05570816993713379,0.008321046829223633,0.0,0.0,0.007741212844848633
201,0.06634807586669922,0.026618003845214844,0.009170055389404297,0.020102977752685547,0.009049177169799805,0.0
202,0.08206009864807129,0.03625202178955078,0.008569955825805664,0.0,0.0,0.0
203,0.059831857681274414,0.027172088623046875,0.009135961532592773,0.0,0.0,0.0
204,0.0667879581451416,0.02747511863708496,0.009057044982910156,0.0,0.0,0.0
205,0.05524301528930664,0.02572011947631836,0.008945941925048828,0.0,0.0,0.0
206,0.059118032455444336,0.026603221893310547,0.007976055145263672,0.0,0.0,0.0
207,0.06216096878051758,0.02599501609802246,0.008066892623901367,0.0,0.0,0.0
208,0.0729830265045166,0.02816915512084961,0.009451866149902344,0.0,0.0,0.0
209,0.08403992652893066,0.03880596160888672,0.009689092636108398,0.0,0.0,0.0
210,0.07243919372558594,0.02638101577758789,0.009296178817749023,0.0,0.0,0.0
211,0.08168387413024902,0.028825998306274414,0.009217977523803711,0.03240203857421875,0.009799003601074219,0.0
212,0.08199501037597656,0.027766942977905273,0.009207010269165039,0.0,0.0,0.0
213,0.06212496757507324,0.028476953506469727,0.009161949157714844,0.0,0.0,0.0
214,0.06694912910461426,0.02927994728088379,0.009253978729248047,0.0,0.0,0.0
215,0.06575393676757812,0.02859210968017578,0.01011800765991211,0.0,0.0,0.0
216,0.08589816093444824,0.04118490219116211,0.009032011032104492,0.0,0.0,0.0
217,0.07544398307800293,0.029925107955932617,0.009083032608032227,0.0,0.0,0.0
218,0.07649111747741699,0.029608964920043945,0.01020503044128418,0.0,0.0,0.0
219,0.10991716384887695,0.04140305519104004,0.027307987213134766,0.0,0.0,0.0
220,0.07070517539978027,0.028376102447509766,0.009039163589477539,0.0,0.0,0.0
221,0.09476590156555176,0.029406070709228516,0.008734941482543945,0.044267892837524414,0.010380983352661133,0.0
222,0.0846250057220459,0.028402090072631836,0.009203910827636719,0.0,0.0,0.0
223,0.0643148422241211,0.029357194900512695,0.010123014450073242,0.0,0.0,0.0
224,0.06360387802124023,0.03051614761352539,0.009890079498291016,0.0,0.0,0.0
225,0.06457400321960449,0.029435157775878906,0.008937835693359375,0.0,0.0,0.0
226,0.08051514625549316,0.042936086654663086,0.009575843811035156,0.0,0.0,0.0
227,0.07568597793579102,0.031310081481933594,0.010145902633666992,0.0,0.0,0.0
228,0.0632178783416748,0.03158402442932129,0.010156869888305664,0.0,0.0,0.0
229,0.0884859561920166,0.0432889461517334,0.009119987487792969,0.0,0.0,0.0
230,0.06372404098510742,0.031035900115966797,0.009212017059326172,0.0,0.0,0.0
231,0.0742189884185791,0.03155708312988281,0.009083986282348633,0.020655155181884766,0.011369943618774414,0.0
232,0.09427285194396973,0.043723106384277344,0.010354042053222656,0.0,0.0,0.0
233,0.07575488090515137,0.03270912170410156,0.00949406623840332,0.0,0.0,0.0
234,0.06515622138977051,0.03209495544433594,0.009142875671386719,0.0,0.0,0.0
235,0.07584905624389648,0.0325160026550293,0.010286092758178711,0.0,0.0,0.0
236,0.07175397872924805,0.03202390670776367,0.009083986282348633,0.0,0.0,0.0
237,0.06142401695251465,0.034219980239868164,0.009961128234863281,0.0,0.0,0.0
238,0.0850977897644043,0.03461194038391113,0.01050877571105957,0.0,0.0,0.0
239,0.0827939510345459,0.034121036529541016,0.010352849960327148,0.0,0.0,0.0
240,0.06409215927124023,0.033766984939575195,0.011546134948730469,0.0,0.0,0.0
241,0.08317184448242188,0.034152984619140625,0.009192943572998047,0.02788400650024414,0.010390043258666992,0.0
242,0.08333015441894531,0.04841208457946777,0.009186029434204102,0.0,0.0,0.0
243,0.07454705238342285,0.03567814826965332,0.010927915573120117,0.0,0.0,0.0
244,0.08475804328918457,0.03563499450683594,0.01056218147277832,0.0,0.0,0.0
245,0.08102917671203613,0.047599077224731445,0.010415077209472656,0.0,0.0,0.0
246,0.0819389820098877,0.036743879318237305,0.010441064834594727,0.0,0.0,0.0
247,0.06680011749267578,0.03446507453918457,0.009514093399047852,0.0,0.0,0.0
248,0.0830998420715332,0.04823708534240723,0.010889053344726562,0.0,0.0,0.0
249,0.07148909568786621,0.036206960678100586,0.00946807861328125,0.0,0.0,0.0
250,0.07864093780517578,0.03550910949707031,0.010883092880249023,0.0,0.0,0.0
251,0.11702299118041992,0.04860806465148926,0.02637004852294922,0.029022932052612305,0.01127481460571289,0.0
252,0.08725810050964355,0.03777790069580078,0.010064840316772461,0.0,0.0,0.0
253,0.08504009246826172,0.03635907173156738,0.009557008743286133,0.0,0.0,0.0
254,0.08443212509155273,0.04886603355407715,0.00976109504699707,0.0,0.0,0.0
255,0.07913088798522949,0.03955411911010742,0.010252952575683594,0.0,0.0,0.0
256,0.07946205139160156,0.03789687156677246,0.009141921997070312,0.0,0.0,0.0
257,0.09613418579101562,0.04940295219421387,0.009354114532470703,0.0,0.0,0.0
258,0.07490992546081543,0.03816413879394531,0.010089874267578125,0.0,0.0,0.0
259,0.07437491416931152,0.03772091865539551,0.009781122207641602,0.0,0.0,0.0
260,0.08557796478271484,0.05021095275878906,0.009923934936523438,0.0,0.0,0.0
261,0.08121395111083984,0.03896284103393555,0.009564876556396484,0.0195009708404541,0.011497974395751953,0.0
262,0.09477782249450684,0.04584097862243652,0.01099395751953125,0.0,0.0,0.0
263,0.10494089126586914,0.05212903022766113,0.028348207473754883,0.0,0.0,0.0
264,0.08828496932983398,0.0400700569152832,0.010896921157836914,0.0,0.0,0.0
265,0.08763384819030762,0.040055036544799805,0.010066032409667969,0.0,0.0,0.0
266,0.09680008888244629,0.054264068603515625,0.011096000671386719,0.0,0.0,0.0
267,0.08439397811889648,0.04007387161254883,0.011372089385986328,0.0,0.0,0.0
268,0.08682513236999512,0.04164409637451172,0.010902881622314453,0.0,0.0,0.0
269,0.10440611839294434,0.05581307411193848,0.009582042694091797,0.0,0.0,0.0
270,0.09199690818786621,0.04038095474243164,0.009440898895263672,0.0,0.0,0.0
271,0.08736991882324219,0.040926218032836914,0.010565996170043945,0.022541046142578125,0.011623144149780273,0.0
272,0.1045539379119873,0.05425095558166504,0.010483026504516602,0.0,0.0,0.0
273,0.08740496635437012,0.042008161544799805,0.00973200798034668,0.0,0.0,0.0
274,0.0731651782989502,0.04085707664489746,0.009207963943481445,0.0,0.0,0.0
275,0.07381701469421387,0.04097795486450195,0.009672880172729492,0.0,0.0,0.0
276,0.08433008193969727,0.04238390922546387,0.011219024658203125,0.0,0.0,0.0
277,0.09345507621765137,0.04109597206115723,0.009618997573852539,0.0,0.0,0.0
278,0.08810091018676758,0.04345703125,0.009315967559814453,0.0,0.0,0.0
279,0.0968010425567627,0.0423579216003418,0.01003408432006836,0.0,0.0,0.0
280,0.09601211547851562,0.05382490158081055,0.009562015533447266,0.0,0.0,0.0
281,0.11830997467041016,0.044930219650268555,0.011688947677612305,0.045545101165771484,0.014260053634643555,0.0
282,0.11116600036621094,0.04321002960205078,0.010703086853027344,0.0,0.0,0.0
283,0.08712410926818848,0.05871391296386719,0.010709047317504883,0.0,0.0,0.0
284,0.0989229679107666,0.04926800727844238,0.010165214538574219,0.0,0.0,0.0
285,0.08180999755859375,0.04492902755737305,0.01032400131225586,0.0,0.0,0.0
286,0.09592199325561523,0.05643606185913086,0.009510993957519531,0.0,0.0,0.0
287,0.09753799438476562,0.04747819900512695,0.010987997055053711,0.0,0.0,0.0
288,0.09709715843200684,0.04563593864440918,0.011094093322753906,0.0,0.0,0.0
289,0.10665702819824219,0.046521902084350586,0.010535001754760742,0.0,0.0,0.0
290,0.1039891242980957,0.04697895050048828,0.01179814338684082,0.0,0.0,0.0
291,0.12106108665466309,0.04728579521179199,0.009346961975097656,0.03960895538330078,0.010885000228881836,0.0
292,0.10836505889892578,0.046418190002441406,0.010055065155029297,0.0,0.0,0.0
293,0.09769105911254883,0.04883980751037598,0.009962797164916992,0.0,0.0,0.0
294,0.10524296760559082,0.05905508995056152,0.010888099670410156,0.0,0.0,0.0
295,0.10970807075500488,0.04849600791931152,0.031195878982543945,0.0,0.0,0.0
296,0.1037759780883789,0.049154043197631836,0.010977029800415039,0.0,0.0,0.0
297,0.10707807540893555,0.06117892265319824,0.010645151138305664,0.0,0.0,0.0
298,0.10274100303649902,0.05043292045593262,0.01121211051940918,0.0,0.0,0.0
299,0.11933398246765137,0.04860210418701172,0.011926889419555664,0.0,0.0,0.0
300,0.11646199226379395,0.05065202713012695,0.009927988052368164,0.0,0.0,0.009665966033935547
301,0.09589505195617676,0.030189037322998047,0.01128387451171875,0.040756940841674805,0.011876106262207031,0.0
302,0.08986306190490723,0.03141283988952637,0.010071039199829102,0.0,0.0,0.0
303,0.06969904899597168,0.03090810775756836,0.01118612289428711,0.0,0.0,0.0
304,0.06880712509155273,0.02991795539855957,0.009524822235107422,0.0,0.0,0.0
305,0.08800387382507324,0.030321836471557617,0.010234832763671875,0.0,0.0,0.0
306,0.08525490760803223,0.03097987174987793,0.012450218200683594,0.0,0.0,0.0
307,0.09041213989257812,0.04333901405334473,0.011484146118164062,0.0,0.0,0.0
308,0.06451988220214844,0.032801151275634766,0.010883092880249023,0.0,0.0,0.0
309,0.09312009811401367,0.031260013580322266,0.028393030166625977,0.0,0.0,0.0
310,0.08018898963928223,0.04379606246948242,0.01013493537902832,0.0,0.0,0.0
311,0.10649299621582031,0.03232312202453613,0.011527061462402344,0.048896074295043945,0.011825084686279297,0.0
312,0.0906219482421875,0.031311988830566406,0.01035308837890625,0.0,0.0,0.0
313,0.09304285049438477,0.03379011154174805,0.011760950088500977,0.0,0.0,0.0
314,0.09266304969787598,0.032917022705078125,0.011255025863647461,0.0,0.0,0.0
315,0.08971595764160156,0.03140997886657715,0.009927034378051758,0.0,0.0,0.0
316,0.07801318168640137,0.03318905830383301,0.012067079544067383,0.0,0.0,0.0
317,0.07207202911376953,0.03317594528198242,0.013028860092163086,0.0,0.0,0.0
318,0.09558510780334473,0.04566383361816406,0.011544942855834961,0.0,0.0,0.0
319,0.07288002967834473,0.03373098373413086,0.011921167373657227,0.0,0.0,0.0
320,0.10535097122192383,0.05059194564819336,0.012608051300048828,0.0,0.0,0.0
321,0.12667202949523926,0.04858803749084473,0.012002944946289062,0.05248212814331055,0.011703014373779297,0.0
322,0.0929269790649414,0.034152984619140625,0.01114201545715332,0.0,0.0,0.0
323,0.08953213691711426,0.03440403938293457,0.011409997940063477,0.0,0.0,0.0
324,0.07422614097595215,0.03257393836975098,0.011231184005737305,0.0,0.0,0.0
325,0.09312105178833008,0.03449702262878418,0.011235952377319336,0.0,0.0,0.0
326,0.08957099914550781,0.04575300216674805,0.010720014572143555,0.0,0.0,0.0
327,0.08758997917175293,0.03637504577636719,0.011677980422973633,0.0,0.0,0.0
328,0.08352303504943848,0.03439497947692871,0.010092020034790039,0.0,0.0,0.0
329,0.08222508430480957,0.047966957092285156,0.010776996612548828,0.0,0.0,0.0
330,0.08770918846130371,0.03506302833557129,0.01147007942199707,0.0,0.0,0.0
331,0.10450291633605957,0.035674095153808594,0.011717081069946289,0.030730009078979492,0.012551069259643555,0.0
332,0.09865593910217285,0.03760790824890137,0.012254953384399414,0.0,0.0,0.0
333,0.0810251235961914,0.034362077713012695,0.010776042938232422,0.0,0.0,0.0
334,0.10131597518920898,0.04874587059020996,0.012454986572265625,0.0,0.0,0.0
335,0.07966399192810059,0.03636002540588379,0.012645959854125977,0.0,0.0,0.0
336,0.08154702186584473,0.03619813919067383,0.011523008346557617,0.0,0.0,0.0
337,0.08997678756713867,0.03772306442260742,0.01073002815246582,0.0,0.0,0.0
338,0.07186007499694824,0.03704690933227539,0.011631011962890625,0.0,0.0,0.0
339,0.08980607986450195,0.04879403114318848,0.01105499267578125,0.0,0.0,0.0
340,0.0856630802154541,0.037782907485961914,0.012336969375610352,0.0,0.0,0.0
341,0.11525106430053711,0.03799581527709961,0.011956214904785156,0.0512089729309082,0.012095212936401367,0.0
342,0.10160684585571289,0.05087780952453613,0.011767864227294922,0.0,0.0,0.0
343,0.09837698936462402,0.03901195526123047,0.012924909591674805,0.0,0.0,0.0
344,0.10824012756347656,0.03791308403015137,0.01261591911315918,0.0,0.0,0.0
345,0.08406305313110352,0.04071998596191406,0.010664939880371094,0.0,0.0,0.0
346,0.09688401222229004,0.03806018829345703,0.028841018676757812,0.0,0.0,0.0
347,0.10501813888549805,0.052229881286621094,0.011429786682128906,0.0,0.0,0.0
348,0.0941629409790039,0.03837990760803223,0.011484146118164062,0.0,0.0,0.0
349,0.0884408950805664,0.038829803466796875,0.010950803756713867,0.0,0.0,0.0
350,0.09705090522766113,0.03811311721801758,0.010380983352661133,0.0,0.0,0.0
351,0.12999200820922852,0.04096698760986328,0.01238393783569336,0.05827689170837402,0.016433000564575195,0.0
352,0.1381678581237793,0.053601980209350586,0.012478828430175781,0.0,0.0,0.0
353,0.09656000137329102,0.04094696044921875,0.011085987091064453,0.0,0.0,0.0
354,0.09594392776489258,0.042912960052490234,0.010664939880371094,0.0,0.0,0.0
355,0.08768510818481445,0.042948007583618164,0.011265993118286133,0.0,0.0,0.0
356,0.09172892570495605,0.041834115982055664,0.012415885925292969,0.0,0.0,0.0
357,0.12796878814697266,0.07628011703491211,0.010596036911010742,0.0,0.0,0.0
358,0.09537196159362793,0.04123711585998535,0.010566949844360352,0.0,0.0,0.0
359,0.0648810863494873,0.04068899154663086,0.01039886474609375,0.0,0.0,0.0
360,0.08839893341064453,0.04343819618225098,0.011172056198120117,0.0,0.0,0.0
361,0.11703109741210938,0.041645050048828125,0.011703014373779297,0.0453031063079834,0.01642608642578125,0.0
362,0.12138009071350098,0.055455923080444336,0.011878013610839844,0.0,0.0,0.0
363,0.09578895568847656,0.04469895362854004,0.012531042098999023,0.0,0.0,0.0
364,0.10178589820861816,0.04349112510681152,0.011367082595825195,0.0,0.0,0.0
365,0.10514497756958008,0.04387688636779785,0.029293060302734375,0.0,0.0,0.0
366,0.08408498764038086,0.04357600212097168,0.012274026870727539,0.0,0.0,0.0
367,0.11187505722045898,0.0572049617767334,0.01099705696105957,0.0,0.0,0.0
368,0.08323812484741211,0.04384613037109375,0.012857913970947266,0.0,0.0,0.0
369,0.12010407447814941,0.07729601860046387,0.013109922409057617,0.0,0.0,0.0
370,0.09012889862060547,0.044982194900512695,0.012713909149169922,0.0,0.0,0.0
371,0.10905098915100098,0.0444180965423584,0.011149883270263672,0.03887605667114258,0.012629985809326172,0.0
372,0.10630202293395996,0.0580599308013916,0.010359048843383789,0.0,0.0,0.0
373,0.09572696685791016,0.04521799087524414,0.013002157211303711,0.0,0.0,0.0
374,0.09758210182189941,0.0578460693359375,0.013009071350097656,0.0,0.0,0.0
375,0.09780597686767578,0.0467989444732666,0.010930061340332031,0.0,0.0,0.0
376,0.08453702926635742,0.044007062911987305,0.010663032531738281,0.0,0.0,0.0
377,0.08669495582580566,0.047842979431152344,0.010809898376464844,0.0,0.0,0.0
378,0.08353114128112793,0.04694509506225586,0.011626958847045898,0.0,0.0,0.0
379,0.11109304428100586,0.06004595756530762,0.010210037231445312,0.0,0.0,0.0
380,0.08668899536132812,0.04578590393066406,0.012354135513305664,0.0,0.0,0.0
381,0.15773797035217285,0.060678958892822266,0.0133209228515625,0.06619691848754883,0.01535487174987793,0.0
382,0.14555811882019043,0.06655597686767578,0.012480020523071289,0.0,0.0,0.0
383,0.10579800605773926,0.04696989059448242,0.010685205459594727,0.0,0.0,0.0
384,0.09834790229797363,0.04805183410644531,0.01352381706237793,0.0,0.0,0.0
385,0.1230020523071289,0.04850292205810547,0.028599977493286133,0.0,0.0,0.0
386,0.12210512161254883,0.06184887886047363,0.012986898422241211,0.0,0.0,0.0
387,0.10542893409729004,0.050421953201293945,0.011194944381713867,0.0,0.0,0.0
388,0.11191415786743164,0.04823899269104004,0.01300811767578125,0.0,0.0,0.0
389,0.10926985740661621,0.05162811279296875,0.011406898498535156,0.0,0.0,0.0
390,0.09415078163146973,0.049610137939453125,0.01258707046508789,0.0,0.0,0.0
391,0.13606691360473633,0.050607919692993164,0.01098012924194336,0.059092044830322266,0.013251066207885742,0.0
392,0.12025594711303711,0.04816794395446777,0.01147603988647461,0.0,0.0,0.0
393,0.13224291801452637,0.06245994567871094,0.033154964447021484,0.0,0.0,0.0
394,0.09746217727661133,0.052549123764038086,0.011766910552978516,0.0,0.0,0.0
395,0.10749316215515137,0.06316590309143066,0.013358116149902344,0.0,0.0,0.0
396,0.10651183128356934,0.052530765533447266,0.012017965316772461,0.0,0.0,0.0
397,0.10844802856445312,0.051809072494506836,0.0124969482421875,0.0,0.0,0.0
398,0.10016798973083496,0.05470085144042969,0.012703895568847656,0.0,0.0,0.0
399,0.11440014839172363,0.050981998443603516,0.010838985443115234,0.0,0.0,0.0
400,0.139207124710083,0.06474590301513672,0.011937141418457031,0.0,0.0,0.012232065200805664
401,0.08829307556152344,0.03154778480529785,0.013041973114013672,0.02718806266784668,0.014348983764648438,0.0
402,0.09703993797302246,0.03195309638977051,0.010380983352661133,0.0,0.0,0.0
403,0.0877828598022461,0.03245401382446289,0.012103080749511719,0.0,0.0,0.0
404,0.08860087394714355,0.04471993446350098,0.01223301887512207,0.0,0.0,0.0
405,0.0871129035949707,0.032389163970947266,0.012480020523071289,0.0,0.0,0.0
406,0.09692978858947754,0.0451359748840332,0.012943029403686523,0.0,0.0,0.0
407,0.0800778865814209,0.0324549674987793,0.013504981994628906,0.0,0.0,0.0
408,0.0797281265258789,0.03284096717834473,0.011574029922485352,0.0,0.0,0.0
409,0.07452607154846191,0.03235483169555664,0.011586904525756836,0.0,0.0,0.0
410,0.08781099319458008,0.03339195251464844,0.01193094253540039,0.0,0.0,0.0
411,0.10222983360290527,0.04546403884887695,0.01162099838256836,0.029667139053344727,0.01326894760131836,0.0
412,0.12050008773803711,0.03356289863586426,0.012274026870727539,0.0,0.0,0.0
413,0.1073760986328125,0.045458078384399414,0.013113975524902344,0.0,0.0,0.0
414,0.07632803916931152,0.033928871154785156,0.012804985046386719,0.0,0.0,0.0
415,0.08285999298095703,0.034075021743774414,0.011474847793579102,0.0,0.0,0.0
416,0.07836604118347168,0.03443193435668945,0.012771129608154297,0.0,0.0,0.0
417,0.08435201644897461,0.03430604934692383,0.013598203659057617,0.0,0.0,0.0
418,0.1035149097442627,0.04784393310546875,0.012484073638916016,0.0,0.0,0.0
419,0.09535789489746094,0.035336971282958984,0.013890981674194336,0.0,0.0,0.0
420,0.11655783653259277,0.04772305488586426,0.011602163314819336,0.0,0.0,0.0
421,0.09287500381469727,0.03599905967712402,0.010646820068359375,0.03053593635559082,0.013540983200073242,0.0
422,0.11570906639099121,0.03393983840942383,0.011845111846923828,0.0,0.0,0.0
423,0.10643386840820312,0.03643321990966797,0.011718988418579102,0.0,0.0,0.0
424,0.08853292465209961,0.03455305099487305,0.011878013610839844,0.0,0.0,0.0
425,0.08193302154541016,0.04833793640136719,0.011662006378173828,0.0,0.0,0.0
426,0.09691095352172852,0.03603482246398926,0.014081954956054688,0.0,0.0,0.0
427,0.12018013000488281,0.048377037048339844,0.011113166809082031,0.0,0.0,0.0
428,0.11460399627685547,0.03768014907836914,0.013514995574951172,0.0,0.0,0.0
429,0.09475278854370117,0.03662705421447754,0.011394023895263672,0.0,0.0,0.0
430,0.0834197998046875,0.03620100021362305,0.011505126953125,0.0,0.0,0.0
431,0.10917496681213379,0.03783106803894043,0.012701988220214844,0.04256296157836914,0.013856887817382812,0.0
432,0.11046600341796875,0.03903508186340332,0.013736963272094727,0.0,0.0,0.0
433,0.08631587028503418,0.03792905807495117,0.012252092361450195,0.0,0.0,0.0
434,0.10004186630249023,0.05042099952697754,0.014015913009643555,0.0,0.0,0.0
435,0.09939789772033691,0.03841686248779297,0.013525009155273438,0.0,0.0,0.0
436,0.1006019115447998,0.05031704902648926,0.014413118362426758,0.0,0.0,0.0
437,0.10162186622619629,0.03951883316040039,0.015282869338989258,0.0,0.0,0.0
438,0.11112117767333984,0.03920698165893555,0.014117002487182617,0.0,0.0,0.0
439,0.09321403503417969,0.04056501388549805,0.015034914016723633,0.0,0.0,0.0
440,0.09903693199157715,0.039337873458862305,0.012768030166625977,0.0,0.0,0.0
441,0.11372113227844238,0.03918313980102539,0.011631011962890625,0.045928955078125,0.014710187911987305,0.0
442,0.12307190895080566,0.04223203659057617,0.011434793472290039,0.0,0.0,0.0
443,0.08784794807434082,0.05315399169921875,0.012697219848632812,0.0,0.0,0.0
444,0.0832219123840332,0.039839982986450195,0.011420011520385742,0.0,0.0,0.0
445,0.13166499137878418,0.052934885025024414,0.014616012573242188,0.0,0.0,0.0
446,0.07676196098327637,0.041374921798706055,0.014262199401855469,0.0,0.0,0.0
447,0.11577916145324707,0.05263400077819824,0.012141942977905273,0.0,0.0,0.0
448,0.11568593978881836,0.0436091423034668,0.015949010848999023,0.0,0.0,0.0
449,0.11788487434387207,0.05328702926635742,0.01235198974609375,0.0,0.0,0.0
450,0.1094970703125,0.04193520545959473,0.01566910743713379,0.0,0.0,0.0
451,0.14073896408081055,0.053587913513183594,0.01261281967163086,0.05214095115661621,0.019950151443481445,0.0
452,0.1219489574432373,0.04309201240539551,0.011654138565063477,0.0,0.0,0.0
453,0.11191511154174805,0.04300189018249512,0.01470184326171875,0.0,0.0,0.0
454,0.09938597679138184,0.04107189178466797,0.01188206672668457,0.0,0.0,0.0
455,0.11644721031188965,0.04324698448181152,0.015308141708374023,0.0,0.0,0.0
456,0.10328912734985352,0.04001593589782715,0.011627912521362305,0.0,0.0,0.0
457,0.13475513458251953,0.06024909019470215,0.01497197151184082,0.0,0.0,0.0
458,0.1106729507446289,0.0447080135345459,0.012657880783081055,0.0,0.0,0.0
459,0.12616801261901855,0.043992042541503906,0.030886173248291016,0.0,0.0,0.0
460,0.10185694694519043,0.05584001541137695,0.010640144348144531,0.0,0.0,0.0
461,0.11220788955688477,0.043882131576538086,0.014332056045532227,0.03673911094665527,0.014259099960327148,0.0
462,0.1462111473083496,0.0560910701751709,0.014391899108886719,0.0,0.0,0.0
463,0.09442496299743652,0.04306793212890625,0.012431144714355469,0.0,0.0,0.0
464,0.13361501693725586,0.05883002281188965,0.01445317268371582,0.0,0.0,0.0
465,0.0840761661529541,0.04351997375488281,0.013149023056030273,0.0,0.0,0.0
466,0.10634994506835938,0.05813312530517578,0.013818979263305664,0.0,0.0,0.0
467,0.08247804641723633,0.04624485969543457,0.013339042663574219,0.0,0.0,0.0
468,0.1086270809173584,0.06033182144165039,0.015388965606689453,0.0,0.0,0.0
469,0.11057281494140625,0.048603057861328125,0.015066146850585938,0.0,0.0,0.0
470,0.13587594032287598,0.05900001525878906,0.011890172958374023,0.0,0.0,0.0
471,0.15201091766357422,0.04726910591125488,0.015060186386108398,0.07068800926208496,0.016384124755859375,0.0
472,0.12583303451538086,0.06122303009033203,0.012766838073730469,0.0,0.0,0.0
473,0.12077498435974121,0.06345701217651367,0.013212919235229492,0.0,0.0,0.0
474,0.11700987815856934,0.058656930923461914,0.013522148132324219,0.0,0.0,0.0
475,0.10214495658874512,0.04590320587158203,0.012902975082397461,0.0,0.0,0.0
476,0.1011199951171875,0.06072688102722168,0.012204885482788086,0.0,0.0,0.0
477,0.11263513565063477,0.04817605018615723,0.012449979782104492,0.0,0.0,0.0
478,0.1348259449005127,0.06129097938537598,0.012643098831176758,0.0,0.0,0.0
479,0.07956504821777344,0.04622697830200195,0.012219905853271484,0.0,0.0,0.0
480,0.11735105514526367,0.061506032943725586,0.013504981994628906,0.0,0.0,0.0
481,0.11363387107849121,0.049543142318725586,0.013557910919189453,0.03244900703430176,0.01570296287536621,0.0
482,0.13568401336669922,0.062391042709350586,0.012567996978759766,0.0,0.0,0.0
483,0.1102759838104248,0.04886913299560547,0.015161991119384766,0.0,0.0,0.0
484,0.10722899436950684,0.06112098693847656,0.014664888381958008,0.0,0.0,0.0
485,0.11559391021728516,0.04799914360046387,0.012849092483520508,0.0,0.0,0.0
486,0.12974905967712402,0.06227588653564453,0.013527870178222656,0.0,0.0,0.0
487,0.10315394401550293,0.048995018005371094,0.013478994369506836,0.0,0.0,0.0
488,0.10834717750549316,0.0626990795135498,0.01128697395324707,0.0,0.0,0.0
489,0.11117911338806152,0.052423954010009766,0.013733148574829102,0.0,0.0,0.0
490,0.14164996147155762,0.08397197723388672,0.01569509506225586,0.0,0.0,0.0
491,0.12911081314086914,0.05243802070617676,0.014256954193115234,0.044692039489746094,0.015360116958618164,0.0
492,0.15340495109558105,0.06096315383911133,0.03130197525024414,0.0,0.0,0.0
493,0.10749292373657227,0.051776885986328125,0.011489152908325195,0.0,0.0,0.0
494,0.12966299057006836,0.0621640682220459,0.012321949005126953,0.0,0.0,0.0
495,0.09433817863464355,0.05132293701171875,0.012516021728515625,0.0,0.0,0.0
496,0.13291192054748535,0.06539607048034668,0.013347864151000977,0.0,0.0,0.0
497,0.10305500030517578,0.05327796936035156,0.014860153198242188,0.0,0.0,0.0
498,0.13818693161010742,0.06949901580810547,0.01602005958557129,0.0,0.0,0.0
499,0.12623882293701172,0.05186915397644043,0.011749982833862305,0.0,0.0,0.0
500,0.13599014282226562,0.06834697723388672,0.012856006622314453,0.0,0.0,0.015309810638427734
501,0.11373686790466309,0.04410099983215332,0.014370918273925781,0.03548908233642578,0.017167091369628906,0.0
502,0.08922982215881348,0.03464508056640625,0.012293100357055664,0.0,0.0,0.0
503,0.11427783966064453,0.04753518104553223,0.015672922134399414,0.0,0.0,0.0
504,0.09055185317993164,0.03530406951904297,0.014509916305541992,0.0,0.0,0.0
505,0.10494613647460938,0.048738956451416016,0.01295018196105957,0.0,0.0,0.0
506,0.07309484481811523,0.035932064056396484,0.015455961227416992,0.0,0.0,0.0
507,0.1401219367980957,0.04810214042663574,0.03237795829772949,0.0,0.0,0.0
508,0.09828996658325195,0.03805398941040039,0.013032913208007812,0.0,0.0,0.0
509,0.12147212028503418,0.04751110076904297,0.01147603988647461,0.0,0.0,0.0
510,0.09458494186401367,0.03513288497924805,0.01288914680480957,0.0,0.0,0.0
511,0.10368704795837402,0.048048973083496094,0.013606071472167969,0.023589134216308594,0.015855073928833008,0.0
512,0.11795711517333984,0.036405086517333984,0.013904094696044922,0.0,0.0,0.0
513,0.11504006385803223,0.04950308799743652,0.01530003547668457,0.0,0.0,0.0
514,0.10012102127075195,0.03658604621887207,0.013355016708374023,0.0,0.0,0.0
515,0.10396909713745117,0.048220157623291016,0.012692928314208984,0.0,0.0,0.0
516,0.12171220779418945,0.042344093322753906,0.01507115364074707,0.0,0.0,0.0
517,0.12140417098999023,0.04958510398864746,0.011795997619628906,0.0,0.0,0.0
518,0.10525202751159668,0.03609895706176758,0.01341700553894043,0.0,0.0,0.0
519,0.12289905548095703,0.05098605155944824,0.016211986541748047,0.0,0.0,0.0
520,0.10034489631652832,0.03611111640930176,0.013282060623168945,0.0,0.0,0.0
521,0.13101482391357422,0.049688100814819336,0.014480113983154297,0.0478360652923584,0.016463041305541992,0.0
522,0.1289660930633545,0.035572052001953125,0.012523889541625977,0.0,0.0,0.0
523,0.09782600402832031,0.0491330623626709,0.011639833450317383,0.0,0.0,0.0
524,0.08390188217163086,0.036512136459350586,0.014217853546142578,0.0,0.0,0.0
525,0.11592483520507812,0.05025315284729004,0.013479948043823242,0.0,0.0,0.0
526,0.09388399124145508,0.03612995147705078,0.011200904846191406,0.0,0.0,0.0
527,0.12516403198242188,0.03928399085998535,0.01483607292175293,0.0,0.0,0.0
528,0.1005558967590332,0.03553009033203125,0.01297903060913086,0.0,0.0,0.0
529,0.09147500991821289,0.03688406944274902,0.014712095260620117,0.0,0.0,0.0
530,0.09470701217651367,0.03505301475524902,0.012111902236938477,0.0,0.0,0.0
531,0.1285572052001953,0.05003190040588379,0.016222000122070312,0.041294097900390625,0.017870187759399414,0.0
532,0.10852313041687012,0.03712296485900879,0.0157010555267334,0.0,0.0,0.0
533,0.08357906341552734,0.037416934967041016,0.01459503173828125,0.0,0.0,0.0
534,0.10093998908996582,0.03880190849304199,0.015415191650390625,0.0,0.0,0.0
535,0.11019110679626465,0.03705096244812012,0.013252019882202148,0.0,0.0,0.0
536,0.12568402290344238,0.050753116607666016,0.012965917587280273,0.0,0.0,0.0
537,0.08543205261230469,0.03838300704956055,0.011810064315795898,0.0,0.0,0.0
538,0.1335899829864502,0.0490870475769043,0.011382102966308594,0.0,0.0,0.0
539,0.10913205146789551,0.03850984573364258,0.010998010635375977,0.0,0.0,0.0
540,0.13867497444152832,0.051013946533203125,0.035086870193481445,0.0,0.0,0.0
541,0.12995195388793945,0.037451982498168945,0.014646053314208984,0.040019989013671875,0.035459041595458984,0.0
542,0.14954590797424316,0.05207514762878418,0.034384965896606445,0.0,0.0,0.0
543,0.09846997261047363,0.03844809532165527,0.012310028076171875,0.0,0.0,0.0
544,0.1431729793548584,0.052861928939819336,0.015410900115966797,0.0,0.0,0.0
545,0.10405111312866211,0.03883695602416992,0.012060165405273438,0.0,0.0,0.0
546,0.10226798057556152,0.05415797233581543,0.016222000122070312,0.0,0.0,0.0
547,0.11226391792297363,0.04002094268798828,0.012006044387817383,0.0,0.0,0.0
548,0.10899806022644043,0.03918600082397461,0.013503074645996094,0.0,0.0,0.0
549,0.07597208023071289,0.03986191749572754,0.013447999954223633,0.0,0.0,0.0
550,0.09851503372192383,0.04032278060913086,0.015353918075561523,0.0,0.0,0.0
551,0.13678622245788574,0.05145597457885742,0.012756824493408203,0.04995393753051758,0.019912004470825195,0.0
552,0.140106201171875,0.04245400428771973,0.01501011848449707,0.0,0.0,0.0
553,0.13442707061767578,0.05170083045959473,0.013310909271240234,0.0,0.0,0.0
554,0.09321713447570801,0.04195404052734375,0.01318502426147461,0.0,0.0,0.0
555,0.10246896743774414,0.05186295509338379,0.012959003448486328,0.0,0.0,0.0
556,0.12346005439758301,0.04262495040893555,0.01603102684020996,0.0,0.0,0.0
557,0.11693906784057617,0.0552220344543457,0.013143062591552734,0.0,0.0,0.0
558,0.09110808372497559,0.04157590866088867,0.011850833892822266,0.0,0.0,0.0
559,0.10732793807983398,0.04163002967834473,0.013397932052612305,0.0,0.0,0.0
560,0.11375784873962402,0.042379140853881836,0.011220932006835938,0.0,0.0,0.0
561,0.12641310691833496,0.04197406768798828,0.012104988098144531,0.051275014877319336,0.018362045288085938,0.0
562,0.12391805648803711,0.05413389205932617,0.011777877807617188,0.0,0.0,0.0
563,0.13997602462768555,0.04233217239379883,0.03488492965698242,0.0,0.0,0.0
564,0.1229848861694336,0.05577802658081055,0.014720916748046875,0.0,0.0,0.0
565,0.08946895599365234,0.04305410385131836,0.0140380859375,0.0,0.0,0.0
566,0.10876297950744629,0.05525612831115723,0.012194156646728516,0.0,0.0,0.0
567,0.0967569351196289,0.04434490203857422,0.01282811164855957,0.0,0.0,0.0
568,0.11187601089477539,0.04553508758544922,0.013042926788330078,0.0,0.0,0.0
569,0.12661099433898926,0.046417951583862305,0.014094829559326172,0.0,0.0,0.0
570,0.15002107620239258,0.043766021728515625,0.029184818267822266,0.0,0.0,0.0
571,0.14083194732666016,0.05803990364074707,0.01587700843811035,0.0481419563293457,0.01556706428527832,0.0
572,0.10105609893798828,0.044728994369506836,0.013877153396606445,0.0,0.0,0.0
573,0.11916279792785645,0.06020712852478027,0.016182899475097656,0.0,0.0,0.0
574,0.13304901123046875,0.04654192924499512,0.015719890594482422,0.0,0.0,0.0
575,0.11123085021972656,0.04766702651977539,0.013450860977172852,0.0,0.0,0.0
576,0.11725497245788574,0.04559016227722168,0.011833906173706055,0.0,0.0,0.0
577,0.09690093994140625,0.045861005783081055,0.012367010116577148,0.0,0.0,0.0
578,0.1285851001739502,0.05769491195678711,0.014248847961425781,0.0,0.0,0.0
579,0.09407901763916016,0.04411602020263672,0.012843132019042969,0.0,0.0,0.0
580,0.10815596580505371,0.058038949966430664,0.014567852020263672,0.0,0.0,0.0
581,0.12977099418640137,0.04401087760925293,0.012664079666137695,0.05404210090637207,0.016480207443237305,0.0
582,0.14058899879455566,0.0488889217376709,0.012909889221191406,0.0,0.0,0.0
583,0.12400412559509277,0.05869483947753906,0.012626171112060547,0.0,0.0,0.0
584,0.13316702842712402,0.044389963150024414,0.013363122940063477,0.0,0.0,0.0
585,0.13287091255187988,0.05971384048461914,0.013670921325683594,0.0,0.0,0.0
586,0.10147500038146973,0.04763603210449219,0.011276960372924805,0.0,0.0,0.0
587,0.10773491859436035,0.04955101013183594,0.014722824096679688,0.0,0.0,0.0
588,0.10410094261169434,0.058624982833862305,0.012277841567993164,0.0,0.0,0.0
589,0.1258070468902588,0.0464940071105957,0.014061927795410156,0.0,0.0,0.0
590,0.1521308422088623,0.06152510643005371,0.01707911491394043,0.0,0.0,0.0
591,0.1366121768951416,0.06196713447570801,0.014863014221191406,0.04042506217956543,0.016510009765625,0.0
592,0.12183403968811035,0.048812150955200195,0.015457868576049805,0.0,0.0,0.0
593,0.13210701942443848,0.061942100524902344,0.013940095901489258,0.0,0.0,0.0
594,0.11986780166625977,0.05139803886413574,0.015138864517211914,0.0,0.0,0.0
595,0.11780500411987305,0.05115079879760742,0.014750003814697266,0.0,0.0,0.0
596,0.1286449432373047,0.06445598602294922,0.01654505729675293,0.0,0.0,0.0
597,0.11739397048950195,0.052587032318115234,0.015156030654907227,0.0,0.0,0.0
598,0.15297293663024902,0.06270003318786621,0.03293800354003906,0.0,0.0,0.0
599,0.12714600563049316,0.050930023193359375,0.015501022338867188,0.0,0.0,0.0
600,0.15450191497802734,0.05259108543395996,0.03567099571228027,0.0,0.0,0.02783799171447754
601,0.12024593353271484,0.03457498550415039,0.016269922256469727,0.04864001274108887,0.0179598331451416,0.0
602,0.13405299186706543,0.048223018646240234,0.017019033432006836,0.0,0.0,0.0
603,0.11398696899414062,0.03503012657165527,0.015009880065917969,0.0,0.0,0.0
604,0.11473894119262695,0.035951852798461914,0.015228033065795898,0.0,0.0,0.0
605,0.11015486717224121,0.0474698543548584,0.014574766159057617,0.0,0.0,0.0
606,0.09472894668579102,0.03548407554626465,0.013715982437133789,0.0,0.0,0.0
607,0.1171560287475586,0.04886484146118164,0.015317201614379883,0.0,0.0,0.0
608,0.10352015495300293,0.03499197959899902,0.012241125106811523,0.0,0.0,0.0
609,0.11217689514160156,0.03581690788269043,0.015397071838378906,0.0,0.0,0.0
610,0.10435295104980469,0.04704594612121582,0.016429901123046875,0.0,0.0,0.0
611,0.1710958480834961,0.05446815490722656,0.013419866561889648,0.07913088798522949,0.021234989166259766,0.0
612,0.1379249095916748,0.037719011306762695,0.01737189292907715,0.0,0.0,0.0
613,0.12566590309143066,0.04724717140197754,0.013049125671386719,0.0,0.0,0.0
614,0.12526702880859375,0.03669595718383789,0.013432979583740234,0.0,0.0,0.0
615,0.13020920753479004,0.04938197135925293,0.013760089874267578,0.0,0.0,0.0
616,0.08277392387390137,0.03656888008117676,0.01542210578918457,0.0,0.0,0.0
617,0.1294560432434082,0.035881996154785156,0.013737916946411133,0.0,0.0,0.0
618,0.126723051071167,0.04924201965332031,0.014477968215942383,0.0,0.0,0.0
619,0.11834907531738281,0.03780794143676758,0.014647960662841797,0.0,0.0,0.0
620,0.1129150390625,0.0371091365814209,0.01320195198059082,0.0,0.0,0.0
621,0.14833402633666992,0.050592899322509766,0.015229940414428711,0.060691118240356445,0.018931865692138672,0.0
622,0.10878205299377441,0.038793087005615234,0.01388406753540039,0.0,0.0,0.0
623,0.11601710319519043,0.05090689659118652,0.01596212387084961,0.0,0.0,0.0
624,0.12505197525024414,0.037611961364746094,0.01593184471130371,0.0,0.0,0.0
625,0.12471199035644531,0.03858613967895508,0.013649940490722656,0.0,0.0,0.0
626,0.12903308868408203,0.05170607566833496,0.016473054885864258,0.0,0.0,0.0
627,0.10862493515014648,0.03884005546569824,0.015891075134277344,0.0,0.0,0.0
628,0.10448002815246582,0.0389859676361084,0.01640796661376953,0.0,0.0,0.0
629,0.14513087272644043,0.06899499893188477,0.018032073974609375,0.0,0.0,0.0
630,0.09200501441955566,0.038526058197021484,0.013627052307128906,0.0,0.0,0.0
631,0.13447809219360352,0.04001307487487793,0.017454862594604492,0.05322694778442383,0.019468069076538086,0.0
632,0.12093615531921387,0.05052804946899414,0.01468801498413086,0.0,0.0,0.0
633,0.09517908096313477,0.040177106857299805,0.013366937637329102,0.0,0.0,0.0
634,0.10789799690246582,0.054878950119018555,0.01429891586303711,0.0,0.0,0.0
635,0.10843396186828613,0.04001617431640625,0.013844013214111328,0.0,0.0,0.0
636,0.10938501358032227,0.04164600372314453,0.016891002655029297,0.0,0.0,0.0
637,0.1207890510559082,0.05277204513549805,0.013242959976196289,0.0,0.0,0.0
638,0.12210798263549805,0.041654109954833984,0.016247987747192383,0.0,0.0,0.0
639,0.1461191177368164,0.03853487968444824,0.03294682502746582,0.0,0.0,0.0
640,0.14179086685180664,0.05399322509765625,0.016176939010620117,0.0,0.0,0.0
641,0.13610196113586426,0.040753841400146484,0.017104148864746094,0.053379058837890625,0.021878957748413086,0.0
642,0.11120796203613281,0.040654897689819336,0.013317108154296875,0.0,0.0,0.0
643,0.1289820671081543,0.05347895622253418,0.014509201049804688,0.0,0.0,0.0
644,0.11132001876831055,0.04238605499267578,0.016820907592773438,0.0,0.0,0.0
645,0.11583304405212402,0.042233943939208984,0.014750957489013672,0.0,0.0,0.0
646,0.11215806007385254,0.05299782752990723,0.013689041137695312,0.0,0.0,0.0
647,0.13625884056091309,0.04388999938964844,0.01652383804321289,0.0,0.0,0.0
648,0.10973691940307617,0.05651593208312988,0.01563096046447754,0.0,0.0,0.0
649,0.1444568634033203,0.052729129791259766,0.013685941696166992,0.0,0.0,0.0
650,0.12787103652954102,0.04465508460998535,0.03340506553649902,0.0,0.0,0.0
651,0.13358592987060547,0.0585479736328125,0.017162084579467773,0.03286290168762207,0.021904945373535156,0.0
652,0.14501404762268066,0.05575895309448242,0.014324188232421875,0.0,0.0,0.0
653,0.12326192855834961,0.04437899589538574,0.017076969146728516,0.0,0.0,0.0
654,0.14917922019958496,0.05972909927368164,0.018641948699951172,0.0,0.0,0.0
655,0.12805795669555664,0.04356098175048828,0.01619887351989746,0.0,0.0,0.0
656,0.1379399299621582,0.04530906677246094,0.015839099884033203,0.0,0.0,0.0
657,0.11937308311462402,0.0581209659576416,0.015603065490722656,0.0,0.0,0.0
658,0.1255168914794922,0.04410719871520996,0.016819000244140625,0.0,0.0,0.0
659,0.10534811019897461,0.04631400108337402,0.01612710952758789,0.0,0.0,0.0
660,0.15265798568725586,0.05841207504272461,0.01402902603149414,0.0,0.0,0.0
661,0.14868402481079102,0.0447239875793457,0.014933109283447266,0.055455923080444336,0.018732786178588867,0.0
662,0.13434600830078125,0.04563093185424805,0.01562190055847168,0.0,0.0,0.0
663,0.14037013053894043,0.058331966400146484,0.03611922264099121,0.0,0.0,0.0
664,0.11886191368103027,0.04553699493408203,0.015861034393310547,0.0,0.0,0.0
665,0.12047886848449707,0.045690059661865234,0.01843714714050293,0.0,0.0,0.0
666,0.13221287727355957,0.059513092041015625,0.014997005462646484,0.0,0.0,0.0
667,0.17614221572875977,0.04722404479980469,0.014870166778564453,0.0,0.0,0.0
668,0.1406559944152832,0.048168182373046875,0.016598939895629883,0.0,0.0,0.0
669,0.14523100852966309,0.05932307243347168,0.016076087951660156,0.0,0.0,0.0
670,0.14022493362426758,0.04542708396911621,0.015351057052612305,0.0,0.0,0.0
671,0.16423392295837402,0.04929804801940918,0.018687009811401367,0.0699150562286377,0.023277997970581055,0.0
672,0.14657092094421387,0.06325292587280273,0.01757192611694336,0.0,0.0,0.0
673,0.1377270221710205,0.06250500679016113,0.024100065231323242,0.0,0.0,0.0
674,0.12711811065673828,0.050087928771972656,0.017648935317993164,0.0,0.0,0.0
675,0.12490606307983398,0.06239485740661621,0.0166168212890625,0.0,0.0,0.0
676,0.13537001609802246,0.060771942138671875,0.018192052841186523,0.0,0.0,0.0
677,0.08925008773803711,0.0491790771484375,0.01782393455505371,0.0,0.0,0.0
678,0.1490001678466797,0.07846498489379883,0.012880086898803711,0.0,0.0,0.0
679,0.11101913452148438,0.05883908271789551,0.013638973236083984,0.0,0.0,0.0
680,0.1368558406829834,0.05023002624511719,0.018921852111816406,0.0,0.0,0.0
681,0.14984393119812012,0.05023479461669922,0.015455961227416992,0.05708503723144531,0.023584842681884766,0.0
682,0.1652681827545166,0.06313109397888184,0.016873836517333984,0.0,0.0,0.0
683,0.1347818374633789,0.049031972885131836,0.03537702560424805,0.0,0.0,0.0
684,0.14646387100219727,0.05270099639892578,0.017121076583862305,0.0,0.0,0.0
685,0.1425490379333496,0.06199288368225098,0.012953996658325195,0.0,0.0,0.0
686,0.14120006561279297,0.05158805847167969,0.016808032989501953,0.0,0.0,0.0
687,0.1271660327911377,0.04989194869995117,0.013078927993774414,0.0,0.0,0.0
688,0.13797783851623535,0.06485915184020996,0.017626047134399414,0.0,0.0,0.0
689,0.14113998413085938,0.06584310531616211,0.016021013259887695,0.0,0.0,0.0
690,0.1296989917755127,0.056596994400024414,0.015820980072021484,0.0,0.0,0.0
691,0.1674039363861084,0.06217503547668457,0.013813018798828125,0.06826901435852051,0.019624948501586914,0.0
692,0.1340010166168213,0.049616098403930664,0.01314997673034668,0.0,0.0,0.0
693,0.13847899436950684,0.052902936935424805,0.01706099510192871,0.0,0.0,0.0
694,0.1450960636138916,0.06613492965698242,0.015920162200927734,0.0,0.0,0.0
695,0.15411996841430664,0.05340909957885742,0.01732802391052246,0.0,0.0,0.0
696,0.1448960304260254,0.05457305908203125,0.016460895538330078,0.0,0.0,0.0
697,0.15247702598571777,0.06650686264038086,0.015197038650512695,0.0,0.0,0.0
698,0.13048195838928223,0.05919694900512695,0.014464139938354492,0.0,0.0,0.0
699,0.11999201774597168,0.055375099182128906,0.016268014907836914,0.0,0.0,0.0
700,0.14941906929016113,0.06494712829589844,0.01517796516418457,0.0,0.0,0.02372908592224121
701,0.17498517036437988,0.040023088455200195,0.04039907455444336,0.07030200958251953,0.021054983139038086,0.0
702,0.1253981590270996,0.051238059997558594,0.017835140228271484,0.0,0.0,0.0
703,0.10365509986877441,0.03759884834289551,0.012679100036621094,0.0,0.0,0.0
704,0.1261301040649414,0.039906978607177734,0.016273021697998047,0.0,0.0,0.0
705,0.10653996467590332,0.0527498722076416,0.015815019607543945,0.0,0.0,0.0
706,0.10769510269165039,0.03978991508483887,0.01442408561706543,0.0,0.0,0.0
707,0.14310407638549805,0.04087710380554199,0.018476009368896484,0.0,0.0,0.0
708,0.14029502868652344,0.052078962326049805,0.03420305252075195,0.0,0.0,0.0
709,0.12733006477355957,0.04001188278198242,0.017683982849121094,0.0,0.0,0.0
710,0.13192510604858398,0.04173588752746582,0.03710603713989258,0.0,0.0,0.0
711,0.1568760871887207,0.05440402030944824,0.01787090301513672,0.06253385543823242,0.018370866775512695,0.0
712,0.1372368335723877,0.052124977111816406,0.01577591896057129,0.0,0.0,0.0
713,0.1064300537109375,0.04012894630432129,0.01788020133972168,0.0,0.0,0.0
714,0.11618995666503906,0.04128694534301758,0.018575191497802734,0.0,0.0,0.0
715,0.13497185707092285,0.05660700798034668,0.016918182373046875,0.0,0.0,0.0
716,0.14534282684326172,0.04060506820678711,0.015353202819824219,0.0,0.0,0.0
717,0.13941502571105957,0.04251599311828613,0.019910812377929688,0.0,0.0,0.0
718,0.15764117240905762,0.05432009696960449,0.013992071151733398,0.0,0.0,0.0
719,0.11576509475708008,0.05423402786254883,0.018705129623413086,0.0,0.0,0.0
720,0.11831212043762207,0.04155683517456055,0.013670921325683594,0.0,0.0,0.0
721,0.1919870376586914,0.04284381866455078,0.017674922943115234,0.10559511184692383,0.022623062133789062,0.0
722,0.1309370994567871,0.05388903617858887,0.015830039978027344,0.0,0.0,0.0
723,0.1284470558166504,0.04200387001037598,0.015347003936767578,0.0,0.0,0.0
724,0.15310382843017578,0.04369497299194336,0.019500017166137695,0.0,0.0,0.0
725,0.12340807914733887,0.056450843811035156,0.017088890075683594,0.0,0.0,0.0
726,0.1336359977722168,0.05548405647277832,0.0188601016998291,0.0,0.0,0.0
727,0.10597085952758789,0.042487144470214844,0.0167238712310791,0.0,0.0,0.0
728,0.0841989517211914,0.04428887367248535,0.017009973526000977,0.0,0.0,0.0
729,0.13893985748291016,0.05434298515319824,0.016388893127441406,0.0,0.0,0.0
730,0.13485288619995117,0.04171013832092285,0.01596999168395996,0.0,0.0,0.0
731,0.17420411109924316,0.044751882553100586,0.0209658145904541,0.08442878723144531,0.02084803581237793,0.0
732,0.1583549976348877,0.06091499328613281,0.017117023468017578,0.0,0.0,0.0
733,0.16404986381530762,0.05466914176940918,0.015429973602294922,0.0,0.0,0.0
734,0.08404684066772461,0.042881011962890625,0.016109228134155273,0.0,0.0,0.0
735,0.1085209846496582,0.04413795471191406,0.01548004150390625,0.0,0.0,0.0
736,0.1497349739074707,0.058465003967285156,0.01915884017944336,0.0,0.0,0.0
737,0.1391160488128662,0.05512690544128418,0.017551898956298828,0.0,0.0,0.0
738,0.10679292678833008,0.044747114181518555,0.01632094383239746,0.0,0.0,0.0
739,0.10938692092895508,0.044883012771606445,0.016592025756835938,0.0,0.0,0.0
740,0.14265799522399902,0.055583953857421875,0.018655061721801758,0.0,0.0,0.0
741,0.1687479019165039,0.04493904113769531,0.01761007308959961,0.06975984573364258,0.021400928497314453,0.0
742,0.13672709465026855,0.043994903564453125,0.015144824981689453,0.0,0.0,0.0
743,0.12054109573364258,0.0577089786529541,0.01341700553894043,0.0,0.0,0.0
744,0.14415407180786133,0.05886101722717285,0.01976799964904785,0.0,0.0,0.0
745,0.12465500831604004,0.04380512237548828,0.015255928039550781,0.0,0.0,0.0
746,0.10572218894958496,0.04525303840637207,0.01592111587524414,0.0,0.0,0.0
747,0.20696401596069336,0.06504487991333008,0.018166065216064453,0.0,0.0,0.0
748,0.1453390121459961,0.058351993560791016,0.01817798614501953,0.0,0.0,0.0
749,0.15183115005493164,0.04481101036071777,0.015295982360839844,0.0,0.0,0.0
750,0.13846707344055176,0.047904014587402344,0.018178939819335938,0.0,0.0,0.0
751,0.16595816612243652,0.05996108055114746,0.01826190948486328,0.05958700180053711,0.0247039794921875,0.0
752,0.12964200973510742,0.0609278678894043,0.01672983169555664,0.0,0.0,0.0
753,0.13847589492797852,0.04632902145385742,0.03614687919616699,0.0,0.0,0.0
754,0.1202700138092041,0.04676318168640137,0.01636195182800293,0.0,0.0,0.0
755,0.15325713157653809,0.0601201057434082,0.018132925033569336,0.0,0.0,0.0
756,0.13057899475097656,0.06000494956970215,0.017857074737548828,0.0,0.0,0.0
757,0.13422012329101562,0.047616004943847656,0.018977880477905273,0.0,0.0,0.0
758,0.12857484817504883,0.05028414726257324,0.014539957046508789,0.0,0.0,0.0
759,0.13613605499267578,0.0628669261932373,0.019059181213378906,0.0,0.0,0.0
760,0.12938809394836426,0.06004905700683594,0.018627166748046875,0.0,0.0,0.0
761,0.1864171028137207,0.05031585693359375,0.01916813850402832,0.08537888526916504,0.028132915496826172,0.0
762,0.14459609985351562,0.049295902252197266,0.018484115600585938,0.0,0.0,0.0
763,0.15604805946350098,0.057832956314086914,0.01548004150390625,0.0,0.0,0.0
764,0.10368704795837402,0.0598599910736084,0.01462101936340332,0.0,0.0,0.0
765,0.16928601264953613,0.06920886039733887,0.017078876495361328,0.0,0.0,0.0
766,0.14864015579223633,0.050369977951049805,0.01614212989807129,0.0,0.0,0.0
767,0.13762998580932617,0.06060504913330078,0.01351308822631836,0.0,0.0,0.0
768,0.13106012344360352,0.05954909324645996,0.015185117721557617,0.0,0.0,0.0
769,0.15614008903503418,0.05168795585632324,0.018796205520629883,0.0,0.0,0.0
770,0.1555919647216797,0.0703129768371582,0.036338090896606445,0.0,0.0,0.0
771,0.19491815567016602,0.06445693969726562,0.021426916122436523,0.07926011085510254,0.026257991790771484,0.0
772,0.15083694458007812,0.0635840892791748,0.01866888999938965,0.0,0.0,0.0
773,0.1326749324798584,0.051072120666503906,0.018484115600585938,0.0,0.0,0.0
774,0.14390897750854492,0.051178932189941406,0.015734195709228516,0.0,0.0,0.0
775,0.15862584114074707,0.08359503746032715,0.015247106552124023,0.0,0.0,0.0
776,0.15834712982177734,0.06108212471008301,0.01751112937927246,0.0,0.0,0.0
777,0.14351797103881836,0.0518641471862793,0.036746978759765625,0.0,0.0,0.0
778,0.12541604042053223,0.0499119758605957,0.017518043518066406,0.0,0.0,0.0
779,0.15289902687072754,0.06465506553649902,0.015547037124633789,0.0,0.0,0.0
780,0.15476202964782715,0.06262087821960449,0.01581406593322754,0.0,0.0,0.0
781,0.1651320457458496,0.05359697341918945,0.017086029052734375,0.0683748722076416,0.022677898406982422,0.0
782,0.1517641544342041,0.05070304870605469,0.01581716537475586,0.0,0.0,0.0
783,0.14606785774230957,0.06777095794677734,0.018012046813964844,0.0,0.0,0.0
784,0.15307307243347168,0.06519198417663574,0.015820026397705078,0.0,0.0,0.0
785,0.1397089958190918,0.053771018981933594,0.018687963485717773,0.0,0.0,0.0
786,0.13271594047546387,0.05501890182495117,0.017566919326782227,0.0,0.0,0.0
787,0.13438892364501953,0.05775880813598633,0.021771907806396484,0.0,0.0,0.0
788,0.1661219596862793,0.06849884986877441,0.041055917739868164,0.0,0.0,0.0
789,0.13908100128173828,0.06542491912841797,0.017546892166137695,0.0,0.0,0.0
790,0.1726229190826416,0.05051612854003906,0.0173490047454834,0.0,0.0,0.0
791,0.1593179702758789,0.052906036376953125,0.01715993881225586,0.06313920021057129,0.022523880004882812,0.0
792,0.1780989170074463,0.07192182540893555,0.017976045608520508,0.0,0.0,0.0
793,0.1417100429534912,0.06872987747192383,0.019448041915893555,0.0,0.0,0.0
794,0.14929509162902832,0.05512690544128418,0.017873048782348633,0.0,0.0,0.0
795,0.12211203575134277,0.055708885192871094,0.018072843551635742,0.0,0.0,0.0
796,0.15119218826293945,0.05670499801635742,0.022240877151489258,0.0,0.0,0.0
797,0.1612708568572998,0.06627893447875977,0.014621973037719727,0.0,0.0,0.0
798,0.15447402000427246,0.06476497650146484,0.016650915145874023,0.0,0.0,0.0
799,0.13582301139831543,0.05500221252441406,0.022140026092529297,0.0,0.0,0.0
800,0.16661882400512695,0.05710315704345703,0.0178830623626709,0.0,0.0,0.038912057876586914
801,0.15190911293029785,0.04210686683654785,0.01989293098449707,0.05918097496032715,0.02728104591369629,0.0
802,0.1478440761566162,0.0434720516204834,0.018230915069580078,0.0,0.0,0.0
803,0.1548759937286377,0.055329084396362305,0.03814697265625,0.0,0.0,0.0
804,0.1493849754333496,0.055422067642211914,0.020766019821166992,0.0,0.0,0.0
805,0.1426830291748047,0.04238390922546387,0.01719808578491211,0.0,0.0,0.0
806,0.12649011611938477,0.04268193244934082,0.019481182098388672,0.0,0.0,0.0
807,0.16123104095458984,0.044554948806762695,0.03653120994567871,0.0,0.0,0.0
808,0.15430378913879395,0.055288076400756836,0.016735076904296875,0.0,0.0,0.0
809,0.14125299453735352,0.0562739372253418,0.01933598518371582,0.0,0.0,0.0
810,0.1430821418762207,0.041914939880371094,0.03767108917236328,0.0,0.0,0.0
811,0.24755597114562988,0.043457984924316406,0.01792001724243164,0.15688204765319824,0.025496959686279297,0.0
812,0.15505409240722656,0.05619001388549805,0.018383026123046875,0.0,0.0,0.0
813,0.12288498878479004,0.0550379753112793,0.018047094345092773,0.0,0.0,0.0
814,0.15372705459594727,0.04335904121398926,0.017570018768310547,0.0,0.0,0.0
815,0.11686015129089355,0.04376506805419922,0.017388105392456055,0.0,0.0,0.0
816,0.13860702514648438,0.056012868881225586,0.018713951110839844,0.0,0.0,0.0
817,0.1612710952758789,0.05601310729980469,0.018997907638549805,0.0,0.0,0.0
818,0.12489199638366699,0.04239392280578613,0.014019012451171875,0.0,0.0,0.0
819,0.13378286361694336,0.044425010681152344,0.015913009643554688,0.0,0.0,0.0
820,0.14372014999389648,0.04640913009643555,0.015514850616455078,0.0,0.0,0.0
821,0.20185399055480957,0.05702805519104004,0.018791913986206055,0.07766580581665039,0.04447507858276367,0.0
822,0.16348004341125488,0.05701303482055664,0.018728017807006836,0.0,0.0,0.0
823,0.15356993675231934,0.04345703125,0.015972137451171875,0.0,0.0,0.0
824,0.1279149055480957,0.044873952865600586,0.018191099166870117,0.0,0.0,0.0
825,0.14902305603027344,0.05909395217895508,0.0227508544921875,0.0,0.0,0.0
826,0.14035296440124512,0.0578157901763916,0.020308971405029297,0.0,0.0,0.0
827,0.1624281406402588,0.05731987953186035,0.01743793487548828,0.0,0.0,0.0
828,0.15196585655212402,0.04518604278564453,0.018290042877197266,0.0,0.0,0.0
829,0.14298701286315918,0.04513096809387207,0.016785860061645508,0.0,0.0,0.0
830,0.14581990242004395,0.057409048080444336,0.018757104873657227,0.0,0.0,0.0
831,0.15364503860473633,0.05711102485656738,0.016638994216918945,0.05133390426635742,0.024756193161010742,0.0
832,0.17747187614440918,0.044853925704956055,0.018854141235351562,0.0,0.0,0.0
833,0.11873412132263184,0.04526805877685547,0.01747894287109375,0.0,0.0,0.0
834,0.1309370994567871,0.04638195037841797,0.016752958297729492,0.0,0.0,0.0
835,0.18482494354248047,0.059886932373046875,0.03770303726196289,0.0,0.0,0.0
836,0.1292569637298584,0.05711698532104492,0.015070915222167969,0.0,0.0,0.0
837,0.13925790786743164,0.04691004753112793,0.021999120712280273,0.0,0.0,0.0
838,0.1398320198059082,0.04619312286376953,0.01630997657775879,0.0,0.0,0.0
839,0.16862106323242188,0.06023216247558594,0.0189208984375,0.0,0.0,0.0
840,0.17917299270629883,0.05983901023864746,0.01959991455078125,0.0,0.0,0.0
841,0.3147289752960205,0.058624982833862305,0.014680147171020508,0.21069693565368652,0.02688288688659668,0.0
842,0.1822061538696289,0.04634904861450195,0.020255088806152344,0.0,0.0,0.0
843,0.13726496696472168,0.047955989837646484,0.02097177505493164,0.0,0.0,0.0
844,0.16096019744873047,0.06106400489807129,0.04411602020263672,0.0,0.0,0.0
845,0.15055394172668457,0.060816049575805664,0.018912076950073242,0.0,0.0,0.0
846,0.16292285919189453,0.0775291919708252,0.01691603660583496,0.0,0.0,0.0
847,0.10877084732055664,0.04695701599121094,0.016810178756713867,0.0,0.0,0.0
848,0.15398907661437988,0.04903697967529297,0.02170395851135254,0.0,0.0,0.0
849,0.18940401077270508,0.06383299827575684,0.03706097602844238,0.0,0.0,0.0
850,0.12836909294128418,0.06115007400512695,0.017087936401367188,0.0,0.0,0.0
851,0.17229413986206055,0.06260895729064941,0.019734859466552734,0.06239819526672363,0.023587942123413086,0.0
852,0.13023591041564941,0.047944068908691406,0.01759505271911621,0.0,0.0,0.0
853,0.10108709335327148,0.048024892807006836,0.017207860946655273,0.0,0.0,0.0
854,0.1366879940032959,0.05060696601867676,0.022163867950439453,0.0,0.0,0.0
855,0.16153407096862793,0.0611729621887207,0.017746925354003906,0.0,0.0,0.0
856,0.17403388023376465,0.06036806106567383,0.04735398292541504,0.0,0.0,0.0
857,0.1407780647277832,0.04790687561035156,0.014515876770019531,0.0,0.0,0.0
858,0.17319893836975098,0.05121493339538574,0.02280902862548828,0.0,0.0,0.0
859,0.10442185401916504,0.04896688461303711,0.017292022705078125,0.0,0.0,0.0
860,0.15804696083068848,0.06442880630493164,0.02109980583190918,0.0,0.0,0.0
861,0.2142479419708252,0.062394142150878906,0.018152952194213867,0.10818314552307129,0.021632909774780273,0.0
862,0.21428608894348145,0.06322979927062988,0.040483951568603516,0.0,0.0,0.0
863,0.13782215118408203,0.05199599266052246,0.018885135650634766,0.0,0.0,0.0
864,0.16364789009094238,0.05084800720214844,0.01846003532409668,0.0,0.0,0.0
865,0.15491604804992676,0.06508803367614746,0.03962087631225586,0.0,0.0,0.0
866,0.13998198509216309,0.06327104568481445,0.01816415786743164,0.0,0.0,0.0
867,0.14009785652160645,0.0635840892791748,0.020015954971313477,0.0,0.0,0.0
868,0.14782500267028809,0.05053400993347168,0.01870417594909668,0.0,0.0,0.0
869,0.1335921287536621,0.05083489418029785,0.020172834396362305,0.0,0.0,0.0
870,0.10226702690124512,0.05190300941467285,0.01832294464111328,0.0,0.0,0.0
871,0.19290590286254883,0.06681418418884277,0.0228269100189209,0.06567096710205078,0.03386712074279785,0.0
872,0.18837499618530273,0.06411600112915039,0.019443988800048828,0.0,0.0,0.0
873,0.17605805397033691,0.06535792350769043,0.038887977600097656,0.0,0.0,0.0
874,0.12443399429321289,0.053327083587646484,0.01809096336364746,0.0,0.0,0.0
875,0.17804813385009766,0.05089998245239258,0.016311168670654297,0.0,0.0,0.0
876,0.18079710006713867,0.05456113815307617,0.018976926803588867,0.0,0.0,0.0
877,0.1771252155303955,0.06564211845397949,0.017184019088745117,0.0,0.0,0.0
878,0.14730596542358398,0.06467413902282715,0.01485896110534668,0.0,0.0,0.0
879,0.17256593704223633,0.06554079055786133,0.0189208984375,0.0,0.0,0.0
880,0.15499305725097656,0.052355051040649414,0.01563405990600586,0.0,0.0,0.0
881,0.18657302856445312,0.05338096618652344,0.01761794090270996,0.08694100379943848,0.024845123291015625,0.0
882,0.16600990295410156,0.05547809600830078,0.018233060836791992,0.0,0.0,0.0
883,0.13603901863098145,0.06462693214416504,0.014886856079101562,0.0,0.0,0.0
884,0.16156291961669922,0.0660250186920166,0.018854141235351562,0.0,0.0,0.0
885,0.15851902961730957,0.06357812881469727,0.014982938766479492,0.0,0.0,0.0
886,0.20571398735046387,0.05320620536804199,0.03826284408569336,0.0,0.0,0.0
887,0.1320960521697998,0.05531907081604004,0.017924070358276367,0.0,0.0,0.0
888,0.17436695098876953,0.057621002197265625,0.036824941635131836,0.0,0.0,0.0
889,0.21976208686828613,0.07903480529785156,0.020678997039794922,0.0,0.0,0.0
890,0.1455080509185791,0.07407689094543457,0.0191800594329834,0.0,0.0,0.0
891,0.21412396430969238,0.07460308074951172,0.023305177688598633,0.08170199394226074,0.029429912567138672,0.0
892,0.3751671314239502,0.06036019325256348,0.04752802848815918,0.0,0.0,0.0
893,0.15222787857055664,0.05918312072753906,0.016932010650634766,0.0,0.0,0.0
894,0.1477200984954834,0.058151960372924805,0.020256996154785156,0.0,0.0,0.0
895,0.17777299880981445,0.06885004043579102,0.018435955047607422,0.0,0.0,0.0
896,0.17813587188720703,0.07033085823059082,0.02155613899230957,0.0,0.0,0.0
897,0.17462801933288574,0.06827807426452637,0.01824784278869629,0.0,0.0,0.0
898,0.1965639591217041,0.07269501686096191,0.02105998992919922,0.0,0.0,0.0
899,0.18429088592529297,0.05472111701965332,0.01860213279724121,0.0,0.0,0.0
900,0.2424318790435791,0.05977988243103027,0.020353078842163086,0.0,0.0,0.0496671199798584
901,0.16298794746398926,0.05413007736206055,0.020435094833374023,0.0549168586730957,0.027423858642578125,0.0
902,0.19431114196777344,0.04951000213623047,0.020403146743774414,0.0,0.0,0.0
903,0.1596381664276123,0.050024986267089844,0.03564095497131348,0.0,0.0,0.0
904,0.1840040683746338,0.05573391914367676,0.023005962371826172,0.0,0.0,0.0
905,0.26158595085144043,0.09534096717834473,0.035369157791137695,0.0,0.0,0.0
906,0.17986106872558594,0.06437993049621582,0.020814895629882812,0.0,0.0,0.0
907,0.20438003540039062,0.06477594375610352,0.018839120864868164,0.0,0.0,0.0
908,0.10577011108398438,0.048185110092163086,0.018341064453125,0.0,0.0,0.0
909,0.14938092231750488,0.04889082908630371,0.019600868225097656,0.0,0.0,0.0
910,0.1350870132446289,0.04946494102478027,0.021394014358520508,0.0,0.0,0.0
911,0.2078700065612793,0.07060003280639648,0.02474498748779297,0.07614398002624512,0.031384944915771484,0.0
912,0.19912195205688477,0.06864309310913086,0.036492109298706055,0.0,0.0,0.0
913,0.1021571159362793,0.06067299842834473,0.015630006790161133,0.0,0.0,0.0
914,0.17442893981933594,0.04967999458312988,0.02289581298828125,0.0,0.0,0.0
915,0.19690608978271484,0.049468994140625,0.023452043533325195,0.0,0.0,0.0
916,0.15885496139526367,0.050431013107299805,0.023980140686035156,0.0,0.0,0.0
917,0.1686551570892334,0.06791496276855469,0.019905805587768555,0.0,0.0,0.0
918,0.2113199234008789,0.06994199752807617,0.022858858108520508,0.0,0.0,0.0
919,0.20251011848449707,0.08491897583007812,0.01903820037841797,0.0,0.0,0.0
920,0.17565512657165527,0.049479007720947266,0.02237391471862793,0.0,0.0,0.0
921,0.16225719451904297,0.048066139221191406,0.01748490333557129,0.0628209114074707,0.028837919235229492,0.0
922,0.16754794120788574,0.04990410804748535,0.020966053009033203,0.0,0.0,0.0
923,0.21454405784606934,0.0870048999786377,0.025115966796875,0.0,0.0,0.0
924,0.18449187278747559,0.06418800354003906,0.0168459415435791,0.0,0.0,0.0
925,0.22433900833129883,0.06541895866394043,0.018164873123168945,0.0,0.0,0.0
926,0.17648911476135254,0.06392383575439453,0.02272486686706543,0.0,0.0,0.0
927,0.12946105003356934,0.047445058822631836,0.016891956329345703,0.0,0.0,0.0
928,0.15072083473205566,0.0504610538482666,0.018182039260864258,0.0,0.0,0.0
929,0.1465311050415039,0.07350707054138184,0.016342878341674805,0.0,0.0,0.0
930,0.1490030288696289,0.07304692268371582,0.018913984298706055,0.0,0.0,0.0
931,0.18688488006591797,0.06265783309936523,0.01925802230834961,0.07544994354248047,0.024765968322753906,0.0
932,0.16515398025512695,0.05976986885070801,0.01639080047607422,0.0,0.0,0.0
933,0.20638394355773926,0.04720807075500488,0.050440073013305664,0.0,0.0,0.0
934,0.12637901306152344,0.04665207862854004,0.017858028411865234,0.0,0.0,0.0
935,0.13411903381347656,0.04888796806335449,0.017380952835083008,0.0,0.0,0.0
936,0.15384817123413086,0.05174612998962402,0.017472028732299805,0.0,0.0,0.0
937,0.15941286087036133,0.06413602828979492,0.02023792266845703,0.0,0.0,0.0
938,0.1648571491241455,0.06254100799560547,0.02532196044921875,0.0,0.0,0.0
939,0.1788349151611328,0.06361794471740723,0.021487951278686523,0.0,0.0,0.0
940,0.21639299392700195,0.07909202575683594,0.02606201171875,0.0,0.0,0.0
941,0.16590499877929688,0.0521240234375,0.020509004592895508,0.06164193153381348,0.027775049209594727,0.0
942,0.19300103187561035,0.05234694480895996,0.020727872848510742,0.0,0.0,0.0
943,0.15143489837646484,0.05403304100036621,0.018728971481323242,0.0,0.0,0.0
944,0.12176680564880371,0.06958317756652832,0.018355131149291992,0.0,0.0,0.0
945,0.14875388145446777,0.06896090507507324,0.016222000122070312,0.0,0.0,0.0
946,0.10829401016235352,0.06657910346984863,0.015557050704956055,0.0,0.0,0.0
947,0.19588994979858398,0.06839704513549805,0.02105712890625,0.0,0.0,0.0
948,0.21657085418701172,0.0805051326751709,0.01997995376586914,0.0,0.0,0.0
949,0.2222740650177002,0.07516598701477051,0.026797771453857422,0.0,0.0,0.0
950,0.16642212867736816,0.07016897201538086,0.019817113876342773,0.0,0.0,0.0
951,0.2558269500732422,0.07686305046081543,0.034544944763183594,0.10825204849243164,0.03231692314147949,0.0
952,0.19762086868286133,0.06994104385375977,0.01936507225036621,0.0,0.0,0.0
953,0.17702198028564453,0.06620192527770996,0.018002986907958984,0.0,0.0,0.0
954,0.10994601249694824,0.06708383560180664,0.018318891525268555,0.0,0.0,0.0
955,0.15920186042785645,0.06697297096252441,0.01907491683959961,0.0,0.0,0.0
956,0.20012593269348145,0.053672075271606445,0.019849061965942383,0.0,0.0,0.0
957,0.13266777992248535,0.05216193199157715,0.02013397216796875,0.0,0.0,0.0
958,0.15905308723449707,0.05419206619262695,0.020879030227661133,0.0,0.0,0.0
959,0.16039109230041504,0.052906036376953125,0.020296096801757812,0.0,0.0,0.0
960,0.18024396896362305,0.07131505012512207,0.023756980895996094,0.0,0.0,0.0
961,0.30857396125793457,0.06995797157287598,0.020898818969726562,0.18752288818359375,0.025656938552856445,0.0
962,0.19321393966674805,0.06970906257629395,0.019794940948486328,0.0,0.0,0.0
963,0.17319607734680176,0.06969690322875977,0.021818161010742188,0.0,0.0,0.0
964,0.1727898120880127,0.05629301071166992,0.02017998695373535,0.0,0.0,0.0
965,0.14808297157287598,0.05624508857727051,0.020551204681396484,0.0,0.0,0.0
966,0.16338706016540527,0.05557394027709961,0.018493175506591797,0.0,0.0,0.0
967,0.18349814414978027,0.05661892890930176,0.01921391487121582,0.0,0.0,0.0
968,0.18146681785583496,0.07076120376586914,0.020925045013427734,0.0,0.0,0.0
969,0.17349600791931152,0.07210707664489746,0.023818016052246094,0.0,0.0,0.0
970,0.18590188026428223,0.06672215461730957,0.05387306213378906,0.0,0.0,0.0
971,0.17131400108337402,0.0665428638458252,0.019942045211791992,0.054650068283081055,0.025997161865234375,0.0
972,0.15800094604492188,0.06723403930664062,0.01894402503967285,0.0,0.0,0.0
973,0.1598038673400879,0.06152009963989258,0.021392107009887695,0.0,0.0,0.0
974,0.1666698455810547,0.05674600601196289,0.017667770385742188,0.0,0.0,0.0
975,0.1993570327758789,0.05655980110168457,0.04331612586975098,0.0,0.0,0.0
976,0.18642902374267578,0.05329704284667969,0.017115116119384766,0.0,0.0,0.0
977,0.17732596397399902,0.07358098030090332,0.022758007049560547,0.0,0.0,0.0
978,0.17977094650268555,0.08826279640197754,0.024094104766845703,0.0,0.0,0.0
979,0.22513914108276367,0.09517407417297363,0.03625297546386719,0.0,0.0,0.0
980,0.15802812576293945,0.06818199157714844,0.0182950496673584,0.0,0.0,0.0
981,0.22531509399414062,0.06831693649291992,0.017599105834960938,0.10335803031921387,0.029179096221923828,0.0
982,0.27705812454223633,0.06394290924072266,0.02232813835144043,0.0,0.0,0.0
983,0.21667814254760742,0.07205796241760254,0.021727800369262695,0.0,0.0,0.0
984,0.21065092086791992,0.07409787178039551,0.02358722686767578,0.0,0.0,0.0
985,0.1815481185913086,0.07371211051940918,0.03632807731628418,0.0,0.0,0.0
986,0.20561003684997559,0.07796216011047363,0.024219036102294922,0.0,0.0,0.0
987,0.18302202224731445,0.07484793663024902,0.018098115921020508,0.0,0.0,0.0
988,0.1583549976348877,0.07483100891113281,0.017197132110595703,0.0,0.0,0.0
989,0.20318293571472168,0.07518506050109863,0.023960113525390625,0.0,0.0,0.0
990,0.1860790252685547,0.07799696922302246,0.019690990447998047,0.0,0.0,0.0
991,0.4177279472351074,0.07366490364074707,0.023177146911621094,0.28585314750671387,0.030086994171142578,0.0
992,0.2396869659423828,0.07624483108520508,0.03719592094421387,0.0,0.0,0.0
993,0.1723308563232422,0.059951066970825195,0.02166008949279785,0.0,0.0,0.0
994,0.1776728630065918,0.06274008750915527,0.021261930465698242,0.0,0.0,0.0
995,0.1696910858154297,0.060803890228271484,0.02109217643737793,0.0,0.0,0.0
996,0.19995498657226562,0.06427597999572754,0.02060103416442871,0.0,0.0,0.0
997,0.18500995635986328,0.07502985000610352,0.02353191375732422,0.0,0.0,0.0
998,0.18735599517822266,0.07600903511047363,0.020516157150268555,0.0,0.0,0.0
999,0.1949629783630371,0.07685184478759766,0.0221860408782959,0.0,0.0,0.0
1000,0.24442696571350098,0.09662985801696777,0.02202010154724121,0.0,0.0,0.044419050216674805
