iteration,x1,x2,x3,x4,x5,x6,x7,x8,x9,x10,x11,x12
1,5.789092542084097e7,7.176427762701511e7,7.46395275009838e7,1.0622979013643283e8,6.6980572624387175e7,6.394971011931735e7,4.9605930922373876e7,3.8815329136493415e7,3.1042096313928947e7,2.205835705499015e7,6.009013757401047e6,249010.0141866423
2,5.788973246076459e7,6.946979919566423e7,7.534825081981844e7,6.42881974211916e7,4.6180783572655976e7,3.91628940771596e7,3.3465437032117143e7,2.5582069422248267e7,2.0978919117367752e7,1.6217219148758883e7,5.463874181981575e6,325129.0549125102
3,5.78882722053463e7,6.946979919566423e7,7.965501754126722e7,6.10607157700907e7,4.416683467439802e7,3.925173861506292e7,3.3884564333425656e7,2.948026965005385e7,2.0838726304042198e7,1.7669001186994735e7,4.483368356943334e6,354276.56900620676
4,5.788467873751608e7,6.946979919566423e7,5.760487427237702e7,5.293874871610376e7,4.2452356178807035e7,4.324852347552763e7,3.676421746147627e7,2.9400185100532725e7,2.1343348678458307e7,1.917625333631596e7,6.715884859480236e6,464519.4929716374
5,5.7852757339506604e7,6.946866212937087e7,6.266468221036561e7,6.722366538330129e7,5.463766217075315e7,4.926086685786247e7,4.431242499538018e7,3.944240842615111e7,3.264442757594462e7,2.3300762874064647e7,6.490187887286721e6,464514.14253820037
6,5.781767179003661e7,6.946929985383588e7,8.329121499953806e7,6.068812018839994e7,5.2620895979495764e7,5.4211704057332754e7,4.72946430063799e7,3.491007556445361e7,3.1498969881253317e7,2.3093319340207834e7,6.179066146359075e6,301309.92730482324
7,5.781363039598988e7,6.866883633912581e7,9.780702500798765e7,1.0029284332462299e8,6.822752085729158e7,5.797196405088323e7,4.2211425815275446e7,4.105869446326992e7,3.020684415027503e7,2.3937278738677867e7,7.608302878455634e6,663613.6962015147
8,5.7810936386985436e7,6.944491727780664e7,9.480992512278146e7,8.624192354652274e7,8.093134383833814e7,8.57673110283196e7,4.7211524135091156e7,3.930357001772563e7,2.587641916580376e7,1.5988410451068707e7,6.60364505987318e6,226152.2462093903
9,5.77932378685356e7,6.940332259179819e7,4.945608490756414e7,4.908176485688487e7,4.3775245753010765e7,3.855416970374389e7,2.984407653421253e7,2.2167058944865532e7,2.0735552734291844e7,1.5389886763966577e7,6.659062718511762e6,303419.5672422128
10,5.779080902802509e7,6.934156153777176e7,7.6988672884859e7,6.610476340215996e7,5.208947131552294e7,5.064866426562181e7,3.475769187314141e7,2.632347386109712e7,2.1907356473393653e7,1.869159215074635e7,6.906126516904507e6,477177.35381922714
11,5.776698290017786e7,6.932122105538297e7,6.697263989458868e7,5.316788799381186e7,4.33414994162625e7,4.2746025855881944e7,3.505623947871016e7,2.73142133888606e7,2.256251903677823e7,1.6916256227063857e7,6.819643841644707e6,509845.96779029234
12,5.776064480734148e7,6.918411236984557e7,8.033537993674034e7,7.037640928231949e7,6.446334250587475e7,5.989948772072691e7,5.1167337289456144e7,5.2304445243903995e7,5.076412972009469e7,3.2370279652907155e7,7.4889600544680795e6,344225.3294533026
13,5.773850010972397e7,6.913460419520235e7,5.249946836710884e7,5.688732362944153e7,4.581203110698477e7,4.75318990093974e7,3.708603589707379e7,2.8175085729029134e7,2.3425361083782267e7,2.1293754201068755e7,7.24843348756112e6,663614.1364352339
14,5.773508185744548e7,6.892721155043107e7,7.066611196641278e7,9.284458637210688e7,6.2879841189361036e7,6.432007208643949e7,5.731879865675002e7,4.965158619910386e7,4.7388139506874256e7,3.7530798830363885e7,8.099706491105517e6,432753.7076515862
15,5.7734693645109065e7,6.892186003079236e7,5.4200454353677854e7,5.3916850408303976e7,4.6888137198997766e7,3.910290146167475e7,3.026067863442202e7,2.285327608541791e7,2.1629635571355674e7,1.7330680226719026e7,6.167593790449896e6,401166.65805565845
16,5.773351807508828e7,6.892186003079236e7,5.6036486491572216e7,6.270063868485987e7,5.2826498328612e7,4.890534611613031e7,3.5681941191951245e7,2.7969920807521455e7,2.162033268513943e7,1.7887463447387375e7,7.0347861117728995e6,509950.880341396
17,5.772559101223814e7,6.752021032989836e7,5.473078930681902e7,4.910719196809456e7,4.184590259816223e7,3.637423576335071e7,3.601999678180602e7,2.9744330087508686e7,2.4995810488757003e7,1.5688093638704583e7,6.946018114732688e6,571960.9028767666
18,5.770787437736134e7,6.775389773895961e7,6.205550044147843e7,5.4256346405887574e7,4.723242513713589e7,4.238910455102448e7,3.1929656838404536e7,2.4550513487303652e7,2.0110332114068158e7,1.54353260154267e7,6.9128648099239115e6,641475.5749515755
19,5.77072311109287e7,6.776142204219067e7,5.390504069593687e7,4.8409493543621e7,3.9666318212289095e7,4.2476701346339524e7,3.843684084342485e7,3.736358431132703e7,3.493448275223154e7,2.341266943491196e7,6.822581817697425e6,484049.82256811403
20,5.769708725964272e7,6.775915668738538e7,6.854781821858293e7,8.970930061201859e7,6.224448620068601e7,5.460911535198413e7,4.993221532314302e7,3.8202155322185114e7,3.083677153451272e7,2.6298238538789213e7,8.099420121070304e6,464515.27246637346
21,5.768310824426818e7,6.776050257597518e7,7.679338614153948e7,4.7881660622045875e7,4.903346589863387e7,4.1883902520168185e7,4.14650559600026e7,3.0718173443919748e7,3.012114417999448e7,1.6886574079928517e7,6.598550912549113e6,401166.6590532001
22,5.7681586027771376e7,6.889080516112202e7,6.20891792097882e7,5.525741008548537e7,4.837614404518059e7,4.206383662612118e7,3.451893874668306e7,3.3109432842605494e7,2.4467805097375292e7,1.8581706555212677e7,6.482409139366439e6,322608.18768527545
23,5.7680589334883615e7,6.882813309916443e7,6.61478590102475e7,6.745645582495838e7,5.1287694481543094e7,4.292893818499887e7,4.174600921162681e7,3.519023298618522e7,2.775571016921768e7,2.060824462348052e7,6.357187786095148e6,220901.27504096858
24,5.767226503971816e7,6.904202157594496e7,5.8953571728373945e7,5.2964753560549855e7,4.633112515622285e7,4.130977562208955e7,3.367902118790266e7,2.5077821918345615e7,2.0497840094429467e7,1.5718937118103687e7,6.159090549855411e6,221511.08882097396
25,5.767030591869825e7,6.901763658909267e7,4.887663585749948e7,4.985220194099891e7,4.381714463166809e7,3.7954741204586014e7,3.5261675301167995e7,3.3502444617598884e7,2.9511377570448224e7,2.11751018037917e7,6.55923316996587e6,233523.89416309283
26,5.7668090875668526e7,6.89073821142124e7,4.675359266055357e7,4.6834402866595924e7,4.43574090025197e7,4.326481050641677e7,3.381785847982365e7,2.696104759436415e7,2.14207200479982e7,1.887857518107215e7,6.243612171872191e6,227960.25338512813
27,5.764005443700506e7,6.877815360160369e7,6.753608776222423e7,5.0454507105002224e7,4.8076885857582584e7,4.2242712002432376e7,3.455892470794837e7,2.7533633625460416e7,2.204064474611389e7,1.6686904475603156e7,6.175337984679999e6,345973.47559409356
28,5.7635776618143715e7,6.727962323014766e7,4.985974518839522e7,4.986251064722362e7,4.417863429937667e7,3.822066692087643e7,3.8301310589274645e7,2.930806530953102e7,2.259801240244524e7,1.7557315391911272e7,6.267620600232627e6,464512.1602494726
29,5.762885985302904e7,6.855480829916096e7,4.777119572813408e7,4.460581714757989e7,3.914156783880836e7,3.764049061708467e7,2.7411551343714237e7,2.644439761066162e7,2.2134282637534913e7,1.56466223809924e7,6.514251555500746e6,365840.10117729305
30,5.762834101051384e7,6.858401277705038e7,5.4302318458878756e7,4.3221421218076475e7,4.090524771395126e7,3.73476562694343e7,3.1492708173607685e7,2.444863249698849e7,2.0291674982081637e7,1.5242368514618237e7,6.8513960831964705e6,403366.5989537391
31,5.761937001796202e7,6.893846490264267e7,6.01646859981987e7,5.395663394472444e7,4.408543904200292e7,3.771887774856794e7,3.425516386822979e7,2.7719918534300447e7,2.070113914281681e7,1.8515905118238684e7,5.44588722911177e6,483125.0581442928
32,5.7618727785317145e7,6.893665990960103e7,4.7137371596719526e7,4.3483662482232645e7,4.01455701260038e7,4.117559967469038e7,4.071415258333843e7,3.3133706711541265e7,2.6342707682322595e7,2.147551480266389e7,5.890692125421032e6,309709.303792601
33,5.7611252318497464e7,6.894126225086778e7,5.778253655596945e7,5.542595789111319e7,4.9107160098425314e7,4.82067135419095e7,3.9286627773417726e7,3.440644130620904e7,3.162972965640013e7,2.238728304508397e7,6.550193569393299e6,253627.12752541807
34,5.761031409464884e7,6.963094773712766e7,9.483913310853368e7,6.509496949577686e7,5.160201429138067e7,4.448342328593989e7,3.9447879648082584e7,3.038337387992513e7,2.4550614923312206e7,1.8278040894477416e7,6.232424398654435e6,243385.22721035112
35,5.760086049646437e7,6.814859387529027e7,1.0812263376062983e8,8.62204871854456e7,5.7308891056120515e7,5.28230677828975e7,3.91175019451047e7,2.9459225396870717e7,2.0363697612004954e7,1.5212680613687279e7,6.992487720995188e6,254323.84077577107
36,5.759975517210564e7,6.86932942289015e7,6.478002486442408e7,7.957531303205019e7,5.710100709845221e7,4.874972829122156e7,3.5812962931667656e7,2.755913637979342e7,2.2548214279723458e7,1.4874541006085606e7,7.394788151839985e6,407899.9790325772
37,5.759953297832103e7,6.879073249239367e7,5.2067904377952985e7,5.263871119210294e7,4.919300516570659e7,4.049501914702612e7,3.494577727940352e7,2.647720467086391e7,2.046768923328756e7,1.5216646196419347e7,5.075690122030402e6,599868.5554193562
38,5.759756346209224e7,6.904476409814215e7,6.239178771841027e7,5.051736944283057e7,4.899254388229862e7,4.476611454624671e7,3.891531744106695e7,3.361826638592557e7,2.6257108028295234e7,1.8334078845684867e7,7.561319021128204e6,353803.4100549065
39,5.759241138335663e7,6.949482333151054e7,5.178984409167983e7,4.469468370758855e7,4.436652026614903e7,3.849203300023377e7,3.716694853050928e7,3.545920839051833e7,2.781320971102655e7,2.1310284895804305e7,5.828937928237076e6,324288.41414428386
40,5.759062943146628e7,6.949482333151054e7,5.463699680345833e7,5.1150729580035225e7,4.865287102307123e7,4.4681041941711396e7,4.49353217603161e7,3.5191348508657105e7,3.3392262575238377e7,2.188799098069871e7,7.066471171395296e6,410302.62773519946
41,5.758655965097982e7,6.956879662764275e7,1.0071728510765597e8,7.733989498327076e7,5.685851949041271e7,4.835625005902368e7,4.4305368253169864e7,3.77633669873592e7,2.8097866838217452e7,2.1951006127912387e7,6.393744225829704e6,450569.69451172464
42,5.757905476406779e7,6.798912114537638e7,4.840175300170376e7,4.721567494997922e7,4.818174209644768e7,4.146000572454375e7,3.195537894406852e7,2.5520699160511635e7,2.5873194239602342e7,2.5157069213918813e7,7.690229728088887e6,401160.1593882348
43,5.757014046854173e7,6.780816998877728e7,6.265253287438159e7,7.931549782931036e7,5.380070968779671e7,5.18777721633147e7,4.1083570113065034e7,3.863875007674642e7,3.136780613730572e7,1.6266580926074693e7,5.872013389985399e6,303290.3296113436
44,5.756201719435431e7,6.78075202641657e7,5.710813130343005e7,5.286318710137917e7,5.308969563179639e7,4.537794800512418e7,3.2289790994659185e7,2.762547750557895e7,2.3369522405916557e7,1.6768794109907921e7,4.806677032636715e6,326505.26348885393
45,5.755301958091758e7,6.808226053762835e7,5.610985432247722e7,4.583837900377797e7,4.309042399311887e7,3.666494617392549e7,3.2264439359375805e7,3.0275375262283377e7,2.330890348579866e7,1.7718261130177315e7,7.168603699448882e6,629171.9846852552
46,5.7539358263565324e7,6.808226053762835e7,9.862464585064352e7,8.791033799599183e7,6.859842863970003e7,5.409926799717772e7,4.3815832648573115e7,3.1076848815116614e7,2.321443206651582e7,1.7790103489608906e7,7.2254133251503445e6,401155.7563719397
47,5.7539177644178346e7,6.821930301980448e7,7.488345988851029e7,5.917938833907434e7,5.0201667475016564e7,4.665455399719015e7,3.823950486028753e7,2.873583346148187e7,2.111458279891789e7,1.4812552278667513e7,6.498903052839355e6,228137.2968806789
48,5.7534885574310265e7,6.790814987966394e7,7.412433193128434e7,6.850161092762175e7,5.72583880444935e7,4.740051396536583e7,4.0789433951031595e7,4.004121971007593e7,3.7999346094718665e7,3.790038399359194e7,7.452542632540343e6,401153.7002177003
49,5.7534445098371774e7,6.809447054487008e7,5.600060538674256e7,6.534528356144443e7,5.566919620087826e7,5.245446162268108e7,4.803103124610779e7,3.9698521227257e7,3.1738853538397923e7,2.764707679398924e7,7.110327148285918e6,447030.0769777326
50,5.751871614155035e7,7.251356531534916e7,6.2785104108957976e7,6.443583331479357e7,5.283784839277229e7,5.429443298983784e7,5.49079684652099e7,3.904495195208893e7,3.0303204382893704e7,1.992732692008339e7,7.908529772195397e6,663349.1126496829
51,5.749970091778742e7,6.756713954227728e7,8.907433448486125e7,6.0262420956503496e7,5.190512183062084e7,4.47357080246357e7,4.574255882193321e7,3.628428893140638e7,3.4368380871107146e7,2.300857545915297e7,7.884546237359343e6,559205.4540706214
52,5.7498266776097685e7,6.745639030587953e7,8.330212279697862e7,7.581525622578675e7,5.615903505738804e7,4.698214291060507e7,4.6012190705205545e7,3.7322513833553046e7,3.590364220251399e7,2.134329406183662e7,7.430304398756103e6,541500.9050728239
53,5.748255440910505e7,6.744549407827479e7,9.292569582809722e7,4.977682124708013e7,5.273370602605641e7,4.607994151245418e7,4.057964335406768e7,3.317787247064709e7,3.0790459413422212e7,2.4046390881721675e7,7.029010382706124e6,401152.8129034636
54,5.7481656417328276e7,6.742059824608654e7,5.197143369136376e7,4.304586617345218e7,3.998774260060722e7,3.4602389636367336e7,2.6276995115831032e7,2.3124043986647844e7,1.7742869304056153e7,1.7516322541666266e7,6.183736875292911e6,464514.2989883951
55,5.747822344544003e7,6.810571063047606e7,5.185636777589589e7,4.840804309802143e7,4.4119445192357525e7,4.22691811520274e7,3.330069202106422e7,3.0001758065685034e7,2.1536495516863775e7,1.94806392144925e7,6.5898420442991955e6,357733.1498434296
56,5.747668885752385e7,6.809876882143527e7,6.484808650773537e7,4.785527988866788e7,4.648972535393596e7,4.511303141560823e7,4.580222123989457e7,3.3132211868251324e7,2.4783638689346924e7,1.7972764109359086e7,6.92189319724879e6,461870.19126797386
57,5.745616545861965e7,6.809394845103037e7,4.7889707253003426e7,4.658037079275493e7,4.562867449645448e7,4.676287354476082e7,4.0366131749170244e7,3.0039290767869636e7,2.7685850827173583e7,1.9659730072687056e7,7.653977524030573e6,625718.0285652986
58,5.7455843413117655e7,6.79897961161083e7,4.810905903846668e7,4.753750389682013e7,4.2412980382693306e7,3.963659711090444e7,3.602672166431509e7,3.085788277244942e7,2.3259548064343005e7,1.669530053286931e7,6.332260160625991e6,237083.53672883118
59,5.744913657006681e7,6.799015596307057e7,5.581764821172923e7,5.567919584629911e7,5.076334996909538e7,4.3357337862744e7,4.16881342299092e7,3.071736802979499e7,2.1793589885695376e7,1.5241495750983179e7,6.65840197425013e6,481270.2811832252
60,5.7448970188029036e7,6.821346133097994e7,5.006499355218171e7,4.299065106566456e7,4.037379367234957e7,3.743579636531171e7,3.49200944096232e7,2.960312777184324e7,2.6458937974000674e7,2.2395602088721488e7,6.951053835298749e6,542179.4664935902
61,5.7443751779710665e7,6.911800012446052e7,5.363206341077422e7,4.739699561114143e7,4.441447582515502e7,4.0673886362993434e7,3.349991715171197e7,2.5977436824128203e7,2.0736124622835413e7,1.820884557759358e7,6.472157241112817e6,465892.05074342457
62,5.744340218357162e7,6.777229713935703e7,5.082179973648435e7,4.539309677018128e7,4.595099733743735e7,4.90401812717824e7,4.081245055576107e7,3.599162353140724e7,2.651883613091305e7,2.4330173765624665e7,7.392313012357728e6,309913.1515158367
63,5.744300991172883e7,6.790380494178659e7,9.609393859799185e7,6.211983696158841e7,5.695859173611376e7,5.3354760770872176e7,4.697481698242392e7,3.345623204441285e7,2.841949211893428e7,3.0680927920985002e7,8.097415792322308e6,663082.125317449
64,5.740878281013653e7,6.768973528693646e7,5.034321899815572e7,4.400484829613856e7,4.276019563528705e7,3.633457431644118e7,3.3855649106268525e7,3.034988319289516e7,2.470782245082712e7,1.8280004462692287e7,7.470160887275863e6,411765.0169021584
65,5.740815030245557e7,6.768973528693646e7,5.439189715547198e7,4.707975792653276e7,4.930084999639243e7,5.175289235866451e7,4.2368132004685685e7,3.2598786417639285e7,2.406245483736246e7,1.9895760340133466e7,7.484814882843219e6,662906.0281665653
66,5.740803053826271e7,6.768938279208231e7,7.807688576481465e7,5.218420600723087e7,5.234012383575618e7,5.612189275521211e7,4.745566742122525e7,3.96450995054293e7,3.1491329304723382e7,2.2846924863256805e7,6.929993500286301e6,229269.54276404146
67,5.7403469743971005e7,6.767966263381028e7,7.313040779744023e7,5.491347233358005e7,5.5136546252185285e7,4.608489086066085e7,3.506458475227009e7,3.571562370896797e7,2.436949717670679e7,1.6641449974996109e7,6.577737859546049e6,464508.9567566335
68,5.740299202009115e7,6.766333428158838e7,4.755807920749949e7,4.560179299407964e7,4.095885662256938e7,3.864030726603004e7,3.0588252579974942e7,2.3321573605369702e7,2.1790460472193595e7,1.6445847376618885e7,6.207780485463335e6,265803.4500896864
69,5.7398266942382775e7,6.766009597459602e7,5.304192142879793e7,5.319113298980887e7,4.4087363565383136e7,3.87513244981413e7,3.2454901913572118e7,2.5852423097551726e7,2.1458216713254735e7,1.9001163372779123e7,6.145982924538558e6,304373.56397507037
70,5.7397919855518326e7,6.764298627335352e7,6.438135508210136e7,6.981890318069154e7,5.211287057032353e7,4.409678167513612e7,3.472673732025039e7,2.6653082284177907e7,2.2327576100501142e7,1.6471279584121488e7,5.779811004264337e6,220901.14038763798
71,5.739506262488192e7,6.764063129295707e7,5.16767886685126e7,4.682998066374546e7,4.5503839264717504e7,3.9490419953006834e7,3.8859354048479706e7,2.927500225227233e7,2.2623501299078323e7,1.4613075899926262e7,6.561988645327808e6,464508.60889641393
72,5.7392023951038584e7,6.759812965495527e7,4.607010169389041e7,4.912465197491831e7,4.2229392884050176e7,3.658360422012289e7,2.9861938303369895e7,2.525860071787478e7,2.0277802241272286e7,1.7875285264569342e7,7.558027985401794e6,388534.9483984393
73,5.739075410058023e7,6.729119985590476e7,9.611853471411943e7,8.51538351833297e7,7.418763910722813e7,7.331082239206818e7,6.0680107029470265e7,5.890109767149997e7,3.274344082859458e7,1.983910166451369e7,8.097412392572006e6,662904.9501958755
74,5.738968389513108e7,6.598269085943329e7,4.650604024904581e7,4.789657242068502e7,4.1867235435824096e7,4.17164598970377e7,3.6688342313886285e7,2.899794613179645e7,2.2574698261733025e7,1.452504666035267e7,6.120703256438712e6,318056.09984106844
75,5.7379828445074596e7,6.606055186321384e7,5.7665847174262345e7,4.973245946780343e7,4.762256991207966e7,4.6565275076082185e7,4.5803908670188144e7,4.406613247651483e7,3.498073260931927e7,2.1963241380490407e7,6.978499178243062e6,662802.2493077704
76,5.737268108580219e7,6.605839629082435e7,9.14578935652861e7,7.015651696314704e7,6.454927538901648e7,6.7106658947616994e7,4.839137272467606e7,4.8918704562715635e7,3.7746381868423045e7,2.6364963795336306e7,7.166982203845074e6,396039.115564359
77,5.7367266876730636e7,6.605844128317559e7,5.23016916495794e7,5.98392233326022e7,5.703193365619278e7,5.257600310835332e7,4.617234048846732e7,3.9818953084511146e7,2.8204998320373572e7,2.116834164204261e7,6.5065643341903025e6,464507.5750549586
78,5.736161643285635e7,6.6019346284219325e7,7.497102214894924e7,8.945992202055913e7,7.734851762813985e7,6.3595039607186794e7,4.681492378615257e7,3.468725787402286e7,2.837290617613718e7,1.906486367184297e7,7.534890191233262e6,464507.88127544196
79,5.736091651102013e7,6.601928276742864e7,5.656338625566363e7,5.288295372344154e7,4.4405587171008706e7,3.875557152295053e7,3.2460042028380767e7,3.046831365569251e7,2.2547828864585705e7,2.0705094791872576e7,5.875762552983761e6,220902.41115661053
80,5.73569795915492e7,6.6016811384465694e7,5.755241597740929e7,5.4925849830826715e7,4.9749907500293195e7,4.152385311219734e7,3.6925635966126114e7,3.2255663324479103e7,2.245777028334438e7,1.961052444986254e7,6.809585214694698e6,662801.8748352403
81,5.73311376076003e7,6.5948895532138646e7,5.8239044847453475e7,5.766101524590999e7,5.0235916118741795e7,5.102878781536275e7,4.2082583221890405e7,3.432757528805411e7,2.7193847932169795e7,1.774953025883952e7,7.53114783350213e6,656810.4440759515
82,5.732271557705971e7,6.6425362839348674e7,5.687425809027824e7,5.251569178524554e7,4.907378371444982e7,4.408059623513071e7,3.4973419928128034e7,3.1924229978491813e7,3.1859139613446794e7,2.1436566149105527e7,7.352561916931902e6,407751.27235546615
83,5.732250945441958e7,6.3980790074017644e7,6.888497881742322e7,5.15488987749029e7,4.756623585326667e7,4.189585687021421e7,3.6225475512421876e7,3.5209058927797705e7,3.1799700424160004e7,2.7626662326907426e7,7.541831825641285e6,401151.28425152035
84,5.732004846631971e7,6.654558077558839e7,6.495163368237658e7,6.2923414874473035e7,5.06398356354281e7,4.448459132056442e7,3.7735499896997616e7,2.775977627428215e7,2.1158240084577173e7,1.5197147590825375e7,6.437643022705233e6,309701.99102838035
85,5.731999262317086e7,6.654201685200983e7,5.5367016896754056e7,5.688741663071418e7,5.389945108429843e7,4.4282753163196295e7,3.3266094433219343e7,2.54164006404953e7,1.7291101403273087e7,1.0105422996701779e7,5.522107394598976e6,314801.2121991167
86,5.7310823603249446e7,6.553335443296003e7,7.124365509986839e7,5.770255460461652e7,4.9293069059156135e7,4.936547216091947e7,4.087958286315243e7,3.620977175395369e7,2.7294536491112232e7,2.409665761295104e7,6.900785508902093e6,452011.1203804965
87,5.731077793976554e7,6.549512449042213e7,6.2812268413633406e7,5.085032266873057e7,5.399402869473624e7,4.412459208834712e7,3.200317534102665e7,2.3251827490436256e7,1.911205828449498e7,1.9719388858609788e7,7.695600055299484e6,474713.6917130662
88,5.731041790665512e7,6.549337785318625e7,5.495126677254354e7,4.812897986111948e7,4.4506358860468805e7,3.822973445499951e7,2.8950288250284046e7,2.2097629308684617e7,2.097999756225773e7,1.94394235871783e7,7.343828539312128e6,410900.3255706339
89,5.7309885147115275e7,6.6567079737474024e7,4.5233914813336544e7,4.427828854779132e7,4.105300509325753e7,3.610194366521712e7,3.5919453251045674e7,2.912556231193687e7,2.159674783703658e7,1.7013506164252028e7,7.21401738682989e6,309697.7817646993
90,5.727719814289599e7,6.697249082834178e7,6.0826194841910794e7,5.53963538962563e7,4.752889271398175e7,4.719124807726821e7,4.178055646552169e7,3.318051081282285e7,2.7237796331695884e7,1.9428027080464825e7,6.544246095964225e6,220901.97205791628
91,5.726857345785744e7,6.685525639442855e7,6.203206254983093e7,6.2202233750750124e7,5.309263734694865e7,4.4485805734864324e7,3.2245796663587824e7,2.35009661201628e7,1.870288974405953e7,1.5836630896067206e7,6.46262400316015e6,511058.8351331359
92,5.726779759885763e7,6.683686438897151e7,5.507707496594865e7,5.003580113968901e7,4.988335201525661e7,4.41599921809849e7,3.758288796182293e7,2.8699564302557997e7,1.8942589575075336e7,1.6562382326336239e7,6.506203973258993e6,465677.2680844516
93,5.726752772736432e7,6.6836883008986056e7,5.584277256540976e7,5.32357295926577e7,4.368095294373965e7,3.820772789256808e7,3.614825841237764e7,2.557351641896361e7,2.2876816788238313e7,1.588035397459173e7,4.439351221369066e6,478592.2333163847
94,5.726026564663115e7,6.683635525767785e7,5.444884549752708e7,4.653179395217873e7,4.607855530823636e7,3.954073057517657e7,3.250977541381295e7,2.6151597616720386e7,2.154883988230095e7,1.5378544067785949e7,6.520857192633882e6,411084.6529804655
95,5.725972178959697e7,6.689833275437403e7,6.354554769405423e7,5.973476016260941e7,7.282794560986632e7,7.043382091674337e7,6.463365645931661e7,4.06648315924747e7,3.3350557665025987e7,2.159247183165064e7,7.161034840041662e6,447279.0146445901
96,5.725937611659179e7,6.6896970810269296e7,8.468882413616735e7,5.660872252078131e7,4.812831048496623e7,4.542860426768094e7,3.709774574075587e7,3.3265802387499094e7,2.5393261511114962e7,1.7927545613841258e7,6.869303682359207e6,334768.1636772749
97,5.7259056783771485e7,6.6896942208414316e7,5.337248120152278e7,5.163320459315047e7,4.529087982763326e7,4.278947253526351e7,3.239101196156387e7,2.7079749020980284e7,2.7005013612333573e7,1.5706234117617045e7,6.207687674720868e6,464507.89092870866
98,5.725889304502199e7,6.689512973409891e7,5.7935405762291886e7,5.625350976559748e7,4.717604345836046e7,3.984192175210458e7,3.0530119170780525e7,2.5061270638939023e7,1.6001030686289191e7,1.2431091738870105e7,4.915146900175099e6,306773.4508921195
99,5.725861775940855e7,6.6954690540233195e7,6.092864896109368e7,4.613363942431098e7,4.3808660051855296e7,4.0874810317383945e7,3.208657459512411e7,2.676744122471097e7,2.0781874561390683e7,1.7628219111308217e7,6.862864230566123e6,380219.0543083837
100,5.7251474309572674e7,6.693818212285513e7,6.093391421575022e7,5.2113548954493016e7,5.018187492348358e7,4.051179212676036e7,3.361852316814101e7,2.857270070742678e7,2.1695015183134135e7,1.6321623855883677e7,6.017878681047389e6,225689.0926448226
101,5.722933471378298e7,6.713903709758782e7,6.034989841034907e7,5.4585135681472115e7,5.828590439964607e7,5.777854311763385e7,4.78977032165952e7,3.691546721316123e7,2.7812842576034606e7,1.725497945094362e7,7.733165977597446e6,556228.5180189939
102,5.722603384351941e7,6.6995034817809045e7,5.813101135899392e7,6.2018610152401686e7,4.8915636990193814e7,4.898978411407465e7,4.8198936669124514e7,3.8583611293127e7,3.0867835498759463e7,3.5464689402643755e7,8.09425756032287e6,414074.91520437214
103,5.722594471695737e7,6.69590815344497e7,4.555695007571545e7,4.092528352808933e7,4.047253536947332e7,3.567301650651318e7,3.083268298888436e7,2.6604497808403693e7,2.2854410902137052e7,1.5111636210809473e7,3.8293171417796984e6,220901.6795489154
104,5.7215856884724855e7,6.6850366762060404e7,8.818556805793786e7,5.7542007667694345e7,4.878527980870417e7,4.608197010953249e7,4.320167606439464e7,3.673436919763049e7,2.6195438844682846e7,1.8516634056491047e7,6.554960978590578e6,464509.48427033826
105,5.721059696322618e7,6.68236718447417e7,5.018388852301865e7,4.524564545919576e7,3.8263917867820576e7,3.6340955657318786e7,3.1432486765420914e7,2.5836022744239092e7,1.9627956384382524e7,1.5906186406667985e7,5.972761746490806e6,302794.36163117085
106,5.72037697645084e7,6.674709988929278e7,6.3221720605303615e7,4.907450170191386e7,4.248773142337774e7,4.390818772788456e7,4.2913775100817926e7,4.1728218267704464e7,3.485556850262402e7,2.669630019274743e7,7.162442888334491e6,400271.86017434485
107,5.7203714951278046e7,6.6747220821416736e7,5.3930993457861766e7,5.129359094851516e7,4.831714618032029e7,4.3063820675826296e7,3.96435094715693e7,3.0553339377212584e7,2.487467463217964e7,2.0013525628587246e7,6.339607074738755e6,258618.57217732974
108,5.7201553215182655e7,6.6567659682148695e7,8.917140455370182e7,7.326500027335855e7,6.3255134053899765e7,5.8577878922955096e7,4.475390625897208e7,4.3926364067186505e7,2.7342495817608044e7,1.9873949227502026e7,4.583068548031731e6,226083.07805338994
109,5.720133969559036e7,6.655358320280647e7,5.831493926674565e7,6.5214272535512745e7,7.37972288563968e7,6.320652778212431e7,5.3127023278028965e7,5.292822465634976e7,4.825448105724642e7,4.485174979846145e7,7.945273036165485e6,424890.73300070676
110,5.718737666124381e7,6.684064621226841e7,5.707320678050619e7,4.452047934454882e7,4.099737075678547e7,3.7646589653947815e7,3.1985722199672833e7,2.5218581624264598e7,1.8831023949133046e7,1.823708215157374e7,7.179990249515244e6,401151.8914336693
111,5.718726125446323e7,6.597208845760608e7,6.908714641911596e7,8.155954980407739e7,5.586118158642143e7,4.524391078335497e7,3.631552520695016e7,3.3273048073661834e7,3.074348739068029e7,2.1562063316271096e7,6.9800264978261255e6,284067.5903851266
112,5.718718179426005e7,6.6350671272235215e7,6.265259069803974e7,5.4510388782453746e7,4.393164154399722e7,4.159705092677061e7,3.950081644464064e7,3.3453043852311984e7,3.304674632459473e7,2.3336470802800223e7,6.596600345184416e6,220902.0255110253
113,5.7181238499074206e7,6.634912647220206e7,6.2761026076000735e7,6.863723957667229e7,5.194553740331972e7,4.993373703840977e7,3.785099650380494e7,3.6846141100324735e7,2.641749514161293e7,2.4351390515284956e7,7.597808277775982e6,309702.59629787906
114,5.717686954608863e7,6.629071483998811e7,5.203947490384378e7,5.051662070471567e7,4.475537498233162e7,4.748985990170056e7,3.920519871051009e7,3.5621493678189725e7,2.4921831589029968e7,1.941700493397715e7,6.47331653913969e6,509146.4583367059
115,5.7176373393352285e7,6.525410775218403e7,5.066811780921815e7,4.7258514103738666e7,4.543557712344718e7,4.050303587850167e7,3.855176460940722e7,3.2680063819880046e7,2.4001506831249308e7,1.9272598519235317e7,6.8148517177413115e6,314298.26039559516
116,5.717324863393062e7,6.5322144461858094e7,8.839162521274632e7,6.250723057342434e7,5.164734359977317e7,4.394103290166344e7,3.690293494896966e7,3.0862602979494125e7,2.078550858807396e7,1.5502961964778636e7,6.329204223530556e6,400441.6023420259
117,5.7168644234966025e7,7.25083965955584e7,5.868660284973954e7,4.673853810854093e7,4.87175254308463e7,4.26670919562982e7,3.8734523918328896e7,3.0214699551014252e7,2.2230777800000377e7,2.0339645440995976e7,6.934891045027254e6,464507.96274683316
118,5.71665649625451e7,6.77998165703122e7,6.081321804544094e7,5.562033266821584e7,4.608102032162708e7,4.033818996166727e7,3.3823448415503025e7,2.795712065681815e7,2.226888451972192e7,1.8558476473467685e7,6.826610104150384e6,284851.80150761886
119,5.716105500872767e7,6.763241173021793e7,4.744412910344492e7,4.226134889307462e7,3.9089525948530905e7,3.350285573808597e7,2.7740752194278866e7,2.615953779212135e7,2.4470393134691335e7,1.75470149411907e7,6.220561190157086e6,401400.648423834
120,5.7161022406239934e7,6.788815712327302e7,5.4968437370078966e7,4.858705321614238e7,4.71699317265542e7,4.609468362590812e7,4.1868037645741716e7,3.2270400519383e7,2.7984229354788538e7,2.285002128701771e7,6.860413471069502e6,327230.25900192134
121,5.715507534823068e7,6.80073198587268e7,4.85559567343497e7,5.045054680417779e7,4.243233352687645e7,3.89626640906872e7,3.409481665539262e7,2.7729672112000093e7,2.2839744664869662e7,1.6653212629780902e7,6.378562295062191e6,389871.5425953303
122,5.715448888017154e7,6.738045998146552e7,8.931656830402035e7,6.167795383827615e7,6.87854612608678e7,5.4697898777706206e7,4.714847844921096e7,3.3433309106026962e7,2.6383166031866983e7,1.7317892820057504e7,6.92745543622661e6,226978.30030383117
123,5.714512480020295e7,6.737574417917758e7,6.66891485089868e7,4.727621554212068e7,4.364713875184004e7,4.299138100756641e7,3.4869532162378415e7,2.9096023616452515e7,2.413066246492973e7,1.6597840660825241e7,7.398755269038953e6,256350.73950639548
124,5.71439405444254e7,6.729101684033424e7,5.006848743415644e7,4.5092606344189145e7,4.298136603265315e7,4.42930955251919e7,4.228988425727938e7,3.333776916390556e7,2.4813515677463755e7,1.9374402034122325e7,6.863578066008521e6,357428.44425956823
125,5.714199057497257e7,6.754122176108825e7,6.812542063782364e7,5.231229220847747e7,4.829084630356972e7,4.2283819206515804e7,3.9416684944616914e7,3.2337880375725612e7,2.5760671097585954e7,1.694409721081452e7,6.968441823465469e6,662752.9585289335
126,5.714094905139918e7,6.762825113072592e7,5.758525669808915e7,4.60624073705201e7,4.485581375446226e7,4.09314192510646e7,3.540666903248739e7,3.405456189688265e7,2.738798460674938e7,2.6814446738818783e7,8.080713335954692e6,662745.4703289735
127,5.7124475682988495e7,6.762936495440215e7,4.49319905064724e7,4.471517930561091e7,4.29101920724587e7,3.8288204403421834e7,3.2259246530432522e7,2.4919187329418965e7,2.0666409384404957e7,1.4183518586237513e7,6.935889497608692e6,294446.91425104183
128,5.712099977210306e7,7.190548720240629e7,5.786392024436627e7,6.984676276341349e7,4.880683624685639e7,4.3005770791130275e7,3.231725028923297e7,2.6373607891014785e7,2.929882204839392e7,1.9872728475043103e7,8.02860572669403e6,464507.3183896579
129,5.711564628459268e7,6.81728959287247e7,1.1282879737814838e8,6.338067328896651e7,5.482411137722096e7,5.075992145327708e7,4.842310897241153e7,4.9951196617905825e7,3.800334265787365e7,2.7186330384555936e7,7.214481212733807e6,354618.0841997033
130,5.711551135328935e7,6.766208048395395e7,5.619474902290177e7,5.0576686006686985e7,4.649282783399716e7,4.218678731625582e7,4.112095843197866e7,3.1139372746435687e7,2.100623771316813e7,1.833249763892457e7,7.780285962976132e6,474577.17351777165
131,5.710669390379873e7,6.77054612362907e7,6.923360500566521e7,8.455466000202364e7,7.041450569451025e7,6.750611232042795e7,5.4895666169164956e7,5.626054826498583e7,3.6329449112387896e7,2.0126872714771397e7,8.089164841750052e6,401150.87746623025
132,5.709866153546527e7,6.769615824371314e7,8.753229278573996e7,1.1764583335150486e8,8.268876560457015e7,7.746080356114322e7,4.1399667924371034e7,3.241845551835178e7,2.1195573183915213e7,1.801583106940414e7,6.794419219111331e6,467532.42449264013
133,5.709810135544673e7,6.76611787151891e7,6.3529687160654545e7,5.325163000326187e7,4.9684582760522455e7,4.696876194037934e7,3.476712507395345e7,2.724943183672078e7,2.1274782300449457e7,2.0185769265488405e7,6.640388482523665e6,438992.14578565484
134,5.709350948670325e7,6.735121091688514e7,4.611907088586299e7,4.419952260500096e7,4.07950341501144e7,3.847580183338131e7,3.6434482158258945e7,2.7616078490366727e7,2.472322250223381e7,1.8262775212486263e7,6.359697485292832e6,247535.68287046684
135,5.7093368321056865e7,6.780715654921246e7,6.91890816923474e7,5.8998263095294595e7,4.725787156120747e7,4.809233276371992e7,4.524730610688843e7,3.375615223442696e7,2.680161054790994e7,2.4498989128358804e7,7.853568835089055e6,425159.78969306464
136,5.707097820314366e7,6.74308768136518e7,7.841205056726483e7,9.638126635225433e7,6.1230419772103906e7,5.0276554454785705e7,3.379792903094876e7,2.7187850230017856e7,1.9410474994125508e7,1.2082535437972218e7,6.523804966090877e6,291115.7862264035
137,5.706965744185047e7,6.75360802124486e7,6.5869891697930396e7,6.734274251315272e7,5.748444477703141e7,5.6728903129482925e7,4.542122228696376e7,3.3735724106563464e7,2.5108331557576418e7,2.2687820558558475e7,6.776570116635764e6,309686.890672318
138,5.7063027739797905e7,6.753673920539981e7,7.177116788340256e7,6.043273209594534e7,5.018304129741222e7,4.667069244275333e7,4.151360139917472e7,3.2849141545390397e7,2.6902673618575692e7,1.7238120354936156e7,6.993913948972986e6,401150.8740189923
139,5.704652289354576e7,6.753528255628979e7,4.615654177157891e7,4.738857804656775e7,4.551062491286631e7,3.973085696159908e7,3.3538269008823246e7,2.8628944196320057e7,2.2221989510316752e7,1.6034412772446632e7,6.9223946921379985e6,281662.7660944304
140,5.7024554724597245e7,6.756925274211389e7,4.966820258278989e7,4.508864956407763e7,4.3238843578217536e7,4.487862113136332e7,3.581781730968192e7,3.1272294691514716e7,2.6302366975476343e7,2.23154310151999e7,6.528415704783026e6,662745.3183182327
141,5.702119812241712e7,6.743888385778147e7,8.382319514376724e7,7.20074406669294e7,8.121423952616626e7,5.809683840031156e7,5.004750225447664e7,3.5716137919192955e7,3.4271876260978505e7,2.362773199436372e7,7.0057912193568945e6,514652.7016003687
142,5.701978652294563e7,6.736976460316104e7,9.512665209231988e7,9.324047145466334e7,6.849255233450907e7,5.72446069234429e7,4.480824820098513e7,3.9935185386099026e7,2.703512960894391e7,1.943443747563786e7,7.0303262242088225e6,467981.52602965536
143,5.699242766132836e7,6.735089900421435e7,6.320810909226163e7,6.376747910885078e7,5.9843906459504336e7,4.712670536862369e7,3.8313598101821184e7,2.819334977453333e7,2.286867212647025e7,1.6229637260875463e7,6.941058561547558e6,600149.4452452094
144,5.6990830368583865e7,6.741737638678926e7,4.9526437808786064e7,4.597752140882417e7,4.2450714790847376e7,4.701634684811552e7,3.970385735710958e7,3.366827912098354e7,2.7587339190550372e7,1.6901344571303256e7,7.668963456401261e6,464507.2968137744
145,5.698659895686144e7,7.160473352906287e7,4.520662742239769e7,4.512915637252481e7,4.0500750528510004e7,3.700329640892261e7,3.0801385725357004e7,2.654576630565685e7,2.088521774587119e7,1.690965433558864e7,4.414498995794314e6,309688.88735813816
146,5.698150870204008e7,7.128241931425315e7,6.85728694501904e7,6.208649299393934e7,5.78513222868779e7,4.550210196141097e7,4.6042699516501606e7,3.390326350657189e7,2.2543849052015692e7,1.572159430253898e7,6.981003010075282e6,275852.6253536125
147,5.694480448994769e7,7.13365735223099e7,5.349107552378626e7,4.86976790574004e7,4.670649990796849e7,4.304870622764403e7,3.721259479605505e7,2.752948797613696e7,2.388415502105168e7,2.2566977415087506e7,6.674032462610602e6,397595.9009790187
148,5.694432913824727e7,7.126959230312473e7,5.439267285015565e7,4.889469942180219e7,4.3267923255457506e7,4.7143467144473076e7,4.468505390000653e7,3.900391134419074e7,3.0387552915858015e7,2.4669500702979453e7,6.369598756162043e6,453103.7484244035
149,5.694231350988153e7,7.126414108520734e7,5.997758834460327e7,5.150185012454283e7,4.463558363114604e7,4.051069096579477e7,3.411534686428638e7,2.692128845241663e7,2.314295208319687e7,2.1107218373219926e7,6.922022936242824e6,253308.17784335423
150,5.6940303089129075e7,7.123680144823188e7,6.776518701101089e7,4.8662074861689575e7,4.5717764828384355e7,3.859065774133459e7,3.5643671414522454e7,2.7437114059355572e7,2.28070424164192e7,1.7808513251182612e7,5.125816204150807e6,599616.2928143826
151,5.693300176429036e7,7.124227450199151e7,5.33596763569958e7,5.258421167116295e7,4.8565951502267465e7,4.278958415858081e7,3.3948784195861146e7,2.8871358578665927e7,2.1317581287206247e7,1.8694833296239957e7,5.198644664513239e6,364411.8084036157
152,5.693093917477788e7,6.73586302941845e7,5.0333601348650604e7,5.3175958642765224e7,4.7088834852471456e7,4.3409799363642216e7,3.2657448391038537e7,2.852853563899669e7,2.869775645795393e7,1.9907430489231974e7,6.568020974343447e6,220902.0106640683
153,5.69282248993666e7,6.7678464305017e7,7.472452233503926e7,5.7634361298146665e7,5.16796780894303e7,5.036777321194641e7,4.120347983210611e7,3.271466219335711e7,2.3163517900693692e7,1.5848504413945012e7,6.530504956846918e6,475756.5437597087
154,5.692662697620047e7,6.767863018558186e7,8.19794520005669e7,5.722162553456889e7,5.986312445343183e7,6.2254033467814624e7,5.123305793656939e7,4.152030817462659e7,3.749948099476075e7,3.780194574730724e7,8.093043104933931e6,464507.2711711547
155,5.691789022910398e7,6.716648677934796e7,6.097050987411924e7,5.034722245257336e7,4.339858025307077e7,3.611416856115125e7,3.435234712393792e7,2.566079548532614e7,2.4006313221219514e7,1.694665663132301e7,6.591648811238932e6,253532.96780045616
156,5.690160181955065e7,6.854843565622067e7,8.620167228813833e7,4.972462076226067e7,4.4915748632724345e7,4.3934176996200696e7,4.141478145357275e7,3.3975089300772086e7,2.7439051369864002e7,2.01427894418734e7,6.715589080415563e6,513010.1755553063
157,5.690143648012015e7,6.759332912943673e7,8.451201742547572e7,1.0026495221359462e8,1.0447444422054595e8,5.9379468696849406e7,4.8148754978046924e7,3.5238784481399596e7,2.6339792647703946e7,1.838502241900149e7,7.253166829802968e6,515096.62260027527
158,5.689380121183239e7,6.759794797642606e7,5.625132400016892e7,5.2201760493082576e7,4.843303538173753e7,4.6896519111555606e7,3.538777736665639e7,2.282404110217479e7,1.681327687333393e7,1.5023701892804407e7,6.3331531243132595e6,509162.7792663425
159,5.6880284315039076e7,7.043010130175245e7,6.712953208399767e7,5.791639246693426e7,4.7239472254959315e7,4.031561758199911e7,3.62826904519344e7,3.125140281562932e7,2.455389984044616e7,2.174968249281457e7,7.7445329997186875e6,318367.87669600046
160,5.68537511559234e7,6.958647419179028e7,6.871806379802367e7,5.498594041782239e7,4.671563665884045e7,4.2396063310121626e7,4.276569695003535e7,3.38720298152797e7,2.6915097073870547e7,1.9738597969929352e7,7.142325414621989e6,366512.7844130977
161,5.685350229699576e7,7.013094855866796e7,5.6970325766476296e7,4.4366598942218415e7,4.1264001220564246e7,3.525590501521802e7,3.3772794063855276e7,2.8030213628756046e7,2.6386244831576303e7,2.3165005462906223e7,6.8432674461343475e6,259050.09559644203
162,5.684729252365282e7,7.013078232112801e7,6.0277304403029665e7,8.021483278933084e7,5.948792840760499e7,5.978710985725096e7,6.61293459128378e7,6.942710382218982e7,5.310552498619313e7,2.5627909303891134e7,7.498260777013534e6,401150.87402556516
163,5.684727124391538e7,6.749039340110165e7,5.165863869291322e7,4.484692822723023e7,4.1158108033615574e7,3.8061854097242415e7,3.1882543750017405e7,2.7135584489519723e7,2.096137998235196e7,1.7070892520827055e7,4.905638346238883e6,576161.2295195757
164,5.684041371354005e7,6.72489000638172e7,6.747226810133648e7,8.246909736206889e7,6.364029685305035e7,5.160060836414088e7,4.309817072531855e7,3.3319199120525777e7,3.113043702184607e7,2.2049916119801156e7,7.367966912268285e6,662633.100940225
165,5.684037556173298e7,7.007919853611368e7,6.3780969219034135e7,5.32030891217463e7,5.82279171056416e7,5.762671656482887e7,5.490637097622767e7,4.864980214482269e7,2.7040818223794773e7,2.6800722863239843e7,7.237848913541852e6,437729.59392421413
166,5.683994565239706e7,6.997730780497843e7,5.542700740946717e7,4.726413287126437e7,4.463209988101427e7,4.043979514201987e7,4.09820456788286e7,3.2389867545499176e7,2.7581171073890977e7,1.747588045211512e7,7.004365507401617e6,662633.0793510071
167,5.683951082279632e7,6.701578451831025e7,6.0296653207518525e7,6.925356088999322e7,6.568366127170411e7,5.866305891465449e7,4.39531954143915e7,2.7897472510515958e7,2.189597144256717e7,1.6243150185099509e7,3.5952054033581065e6,348310.0448233386
168,5.683224856485379e7,6.737630104630452e7,5.962653258682519e7,5.27395877693799e7,4.884339071968424e7,5.072521473128027e7,5.083617753883974e7,4.0586577854836926e7,3.6731175098816715e7,2.9307978465698764e7,7.430694133790272e6,359842.14901429304
169,5.6826927716449335e7,6.692058064879447e7,5.199960180176681e7,4.658105347429481e7,4.452133816604069e7,4.082848283197892e7,3.470568886462094e7,2.8768406210902795e7,2.264219830317737e7,1.7971470168654382e7,6.970810466420464e6,465348.76398776355
170,5.6821643199775115e7,6.970745301712441e7,5.788893878904325e7,5.652149576841271e7,5.23710651043282e7,5.2248163212919965e7,3.719818532992065e7,3.2209065344248183e7,2.3459699494488165e7,1.798805661932327e7,6.930959450013074e6,509023.7674489688
171,5.681508989974113e7,6.6756434610910594e7,4.573645370661068e7,4.466334001945128e7,4.360348770299502e7,3.754521611721131e7,3.8442156954168156e7,3.0982365369171895e7,2.4765969976990618e7,1.935185636149648e7,6.7452338071297e6,313345.0974512092
172,5.681114757099798e7,6.6948869428275585e7,6.3915897499594614e7,4.743551845334243e7,4.2934044164704606e7,3.854829225871152e7,3.954098957481718e7,4.232627495119314e7,2.8028414238911882e7,1.6925313360929742e7,6.42182198934424e6,266714.88202314894
173,5.681030614847116e7,6.7013594571235955e7,6.09347190194359e7,5.567576456327568e7,5.2579377434352666e7,5.2917964935132325e7,4.459992468292278e7,3.3431002664741278e7,3.3430704855642945e7,2.3994829680750534e7,8.092063761747187e6,422629.3982690939
174,5.6800607784440026e7,6.951277695955092e7,5.535105296467487e7,4.7028041709740385e7,4.340603169348426e7,4.377735078009583e7,4.1009208650190696e7,3.759190996923232e7,2.7620965517487124e7,2.2196772173424024e7,6.290768745866237e6,323848.8274282235
175,5.679974155872996e7,6.692529442700368e7,5.857958148199129e7,4.519075152051216e7,4.299487829858078e7,4.528297824416198e7,3.967337386640645e7,3.250138531680786e7,2.519883338205039e7,2.2500617134799793e7,6.523900061375417e6,399329.7763968183
176,5.679272940995851e7,6.802412917731583e7,4.958432333845203e7,5.129422600669533e7,4.748770660978462e7,5.049277288006967e7,4.227566874075779e7,3.191944284570454e7,2.3650318171040025e7,1.765265104406288e7,7.421471690493578e6,351671.68232422724
177,5.679100537980431e7,6.912136328660488e7,9.617231692257804e7,7.127127767812294e7,6.318962493296488e7,6.8869873183862e7,5.108673711911297e7,4.118607535765536e7,2.972175183074055e7,1.9717228262636453e7,7.69629928366944e6,413652.15013537154
178,5.679035873680265e7,6.917771118201458e7,5.197350980084671e7,4.614961452943644e7,4.423328696071334e7,3.862595235368954e7,2.9138429794629566e7,2.399896788324432e7,1.7271540647960417e7,1.5938157478389088e7,4.1039888753013792e6,339912.7132189212
179,5.6789766600140005e7,6.910749094995898e7,4.71773294965162e7,4.859308012573099e7,4.051332429325904e7,3.539326003427684e7,2.7079675153308377e7,2.4202421925519243e7,1.9110270375435844e7,1.5480084812750991e7,6.109627590232512e6,228471.39634210808
180,5.678421951139095e7,6.91043102569344e7,4.530250826115565e7,4.705470884350856e7,4.1992183689224124e7,4.041795249803963e7,3.6912774470376655e7,3.610268347184695e7,2.189243019592636e7,1.7734933996702928e7,5.821833347814113e6,220900.9887462023
181,5.676881877522918e7,6.908294432832885e7,5.72091384822108e7,6.207888155721559e7,5.037185331107618e7,4.8118880488583595e7,3.720546786049174e7,2.9159972065458804e7,2.586985340777704e7,1.6912472817737356e7,7.124920117267428e6,464512.8878332126
182,5.676856823235146e7,6.904867340307003e7,7.642520830115151e7,5.9532647607785314e7,5.585128566664681e7,4.477529029311681e7,3.9714235157792225e7,3.1737333477092765e7,2.44553584356988e7,1.929145629717712e7,4.811964917849001e6,523109.1509404076
183,5.676164067613621e7,6.904867351037562e7,5.7526674593032725e7,4.628272678489154e7,4.194760216888639e7,3.589112518430227e7,3.273060283417958e7,2.5835885519155502e7,2.331714063024058e7,2.1468229266698934e7,7.53261213057168e6,327476.73377965397
184,5.676156045040874e7,6.9043001339988e7,4.674817749094687e7,4.213691533180235e7,4.043908498090142e7,4.097458039798249e7,3.8842309901438504e7,3.2428511681181222e7,2.522067252848721e7,2.3300024765119966e7,7.428772137759947e6,309698.5990746266
185,5.676076455465308e7,6.904279238854373e7,5.680198601615062e7,4.266694732756944e7,4.200421371739772e7,3.644381026743482e7,3.44868209653897e7,2.882151706682995e7,2.1971750034643512e7,1.5345766267946607e7,6.351436777801724e6,220902.0050791331
186,5.676069598288269e7,6.901505558607322e7,5.0814831073454514e7,4.441267406615909e7,4.2016722599906564e7,3.655254986344023e7,3.591569877709162e7,3.3859553127205014e7,2.838299828003423e7,2.438978196527585e7,6.6869976565678e6,343673.42964846303
187,5.6743199361651085e7,6.90264639701832e7,5.2291260692322135e7,5.170225249787049e7,5.218772608776288e7,5.436318713377279e7,5.489486632723683e7,3.723098323652683e7,3.1091357857927173e7,2.2664248349898294e7,6.757457729351339e6,466000.0272733695
188,5.6742354369892135e7,6.633730636434889e7,5.914796650156733e7,6.142130852407351e7,6.495023320983273e7,4.8913255664170176e7,3.928742858557609e7,2.680746432751652e7,2.215352836779527e7,1.5256886493507314e7,6.782538492176281e6,353131.64361624
189,5.673974579519683e7,6.5911246436694205e7,5.960422011378802e7,5.016335451663011e7,4.558774408886436e7,3.97985637956429e7,3.58506760532787e7,2.8371862385791503e7,2.3776695355254173e7,1.8268243037969064e7,7.71500754971695e6,662627.893750764
190,5.6738138456615366e7,6.587868172407645e7,4.5220988642494954e7,4.057993064803442e7,3.8973227937739715e7,3.6765691508399606e7,3.234295996481599e7,2.6515317411700465e7,1.8592675984836962e7,1.346169679056674e7,6.056063759001189e6,220901.1016153537
191,5.673780100935905e7,6.572603854579425e7,7.293435290526947e7,9.32456032293225e7,6.827418400845951e7,5.815639505754951e7,5.0308119649268016e7,3.948591969647501e7,2.5015510237937957e7,2.2022323099981997e7,7.204034562399885e6,593463.1354962455
192,5.67376300196219e7,6.563909222337377e7,5.809474631063415e7,4.821005600812538e7,4.308830715901624e7,4.2247929203006804e7,3.42719861345076e7,2.991897924695824e7,2.2178740235535026e7,1.84822524358081e7,6.201128777321201e6,255924.33769426378
193,5.6730225646703206e7,6.786238702646124e7,6.045969979028101e7,4.971686448166667e7,4.655059136818987e7,4.203877562204076e7,4.0900048022022516e7,3.078529934433666e7,2.293355850920116e7,2.0333925355027724e7,6.920739459109481e6,419359.11435617605
194,5.672966951047682e7,6.794452436014217e7,5.1972878707016915e7,5.096055106381275e7,4.604024600282875e7,3.957781027307558e7,3.0949529604299515e7,2.4023083262322888e7,1.8298381263313785e7,1.715229826911263e7,4.443330262383586e6,662618.8637243139
195,5.67215949981478e7,6.773744941103792e7,7.154227867566928e7,5.25516216695618e7,4.382585299923827e7,3.828921179053779e7,3.2971436996236384e7,2.858512350941585e7,2.5208301773434475e7,2.0322643619264457e7,6.727432071508252e6,512245.3593569974
196,5.6719409454051256e7,6.784907916349238e7,5.768845353014251e7,6.741302499431413e7,5.618457427159074e7,5.91641078049109e7,7.721335250567949e7,4.8794425070724815e7,3.5702362594131276e7,2.362421259332303e7,6.938054149134968e6,464506.8032490918
197,5.671632379238166e7,6.782003455084246e7,5.48229181522612e7,4.376624913569059e7,4.0373510828361906e7,4.112621707772371e7,4.0184203546042114e7,3.199426128654527e7,2.173448581907012e7,1.536099301786123e7,6.249339409414665e6,456619.91268609033
198,5.671577431281337e7,6.4705580925528556e7,5.702872846423779e7,4.697027054577917e7,4.154203247397895e7,4.323479010398276e7,3.532331608778222e7,2.8048293133693896e7,2.4350523904871076e7,1.866700985878832e7,6.450777253899054e6,509021.8118261073
199,5.671011999016695e7,6.469583277144387e7,6.536183188410601e7,4.485573328967768e7,4.236093575382544e7,4.464240637784916e7,4.107112237270112e7,3.2081217130327478e7,2.878935119046575e7,1.8634743362119414e7,6.691174865656527e6,264187.63970078423
200,5.6706382762033656e7,6.469537073491073e7,5.050595483208303e7,5.101486894333801e7,4.5604227129874915e7,4.1371217598930895e7,3.44941694384978e7,2.801277341368647e7,2.0838444309530735e7,1.543685406888225e7,6.974132858457976e6,422702.1417040436
201,5.670576395559601e7,6.596762881112683e7,8.307353303208351e7,1.1773058791867292e8,9.194790335405725e7,1.0225789721503907e8,4.378640583483866e7,4.147413167484416e7,3.0734821690784067e7,2.516859330714851e7,7.885808027310791e6,662615.3749078556
202,5.670560346475024e7,6.723654181813782e7,6.049280026803483e7,6.6678356554537565e7,6.044736831872232e7,6.200248314121285e7,4.970887358341959e7,4.135633129089287e7,3.5298118649975196e7,2.1897145860551264e7,7.476110928296292e6,543158.5003665503
203,5.6697814296823815e7,6.563987061052692e7,4.511885437923871e7,4.4824577774191596e7,4.148383663869874e7,4.1356783150173694e7,3.329374974217137e7,2.69604834815469e7,2.4801115703708265e7,2.186517736626169e7,6.309264773642463e6,390341.46551139763
204,5.669057164296965e7,6.501948941559729e7,5.791993681911273e7,4.423879649291668e7,4.228351043174589e7,3.725652672741333e7,2.9704377042538747e7,2.8195887743551284e7,2.710504544273655e7,1.6646635821444666e7,7.10860543131511e6,662614.4727369433
205,5.668479580502156e7,6.5010931877836615e7,5.705211770827011e7,5.0794544140296206e7,5.314122088249901e7,5.618362264379659e7,3.4054766802379325e7,2.675816973617451e7,2.1117337597788677e7,1.6929148870209813e7,6.505707883094154e6,438784.8373007846
206,5.668371153695989e7,6.5364015551208556e7,6.111036654299179e7,5.4968960698608205e7,5.0463197678481996e7,5.2344712373937845e7,4.117405005697948e7,3.1683681913405746e7,2.5661018787427355e7,1.9948025747283507e7,5.273189683841052e6,401150.20478295826
207,5.6680164266506e7,6.421774893050034e7,5.338889947795382e7,4.6935060722829804e7,3.984999357861568e7,4.178713520479837e7,3.391232812827182e7,2.6486271203059666e7,2.1578428805113614e7,1.9089025132343635e7,7.138176850801456e6,295822.3859652878
208,5.6675539618416876e7,6.615145280311793e7,5.9600371603174e7,5.0067304867298104e7,5.247482585561554e7,4.959252468852225e7,4.1719969712506875e7,3.528157316412783e7,2.5818776526423663e7,1.9858307956499733e7,6.319406087076949e6,319989.6058319228
209,5.6652608413729385e7,6.683062378099102e7,6.039829193618032e7,4.791248617359965e7,4.962129264641711e7,4.273077244166222e7,4.164650292530075e7,3.3531917618701704e7,2.4740291018429015e7,1.717222985298088e7,6.152044475893479e6,320025.87697048526
210,5.6652513990000844e7,6.435551165290195e7,4.901002004729771e7,4.21607210192935e7,4.083873600100291e7,3.9906792224731326e7,3.5498088070250764e7,2.7565231062386185e7,2.09741897123177e7,1.5491488471584495e7,7.475071178152875e6,401151.365772419
211,5.66506740733944e7,6.43492220154106e7,5.2968177812354274e7,5.489900838939932e7,4.622965001803562e7,4.807013904533662e7,3.631389115124869e7,2.6538620687547788e7,2.1919697663177285e7,1.5498440289479062e7,6.552506507149408e6,452785.0897908411
212,5.665058500757542e7,6.435853768136671e7,4.970511018226206e7,4.759764078871463e7,4.306672476797281e7,3.7811027773690715e7,3.3484520231172442e7,2.7418843111829683e7,2.3442453331681244e7,1.6603120164214425e7,7.157182299008105e6,404988.7501192545
213,5.664093538623232e7,6.426505329407832e7,8.324742763625938e7,1.0982183310127693e8,7.107206140505502e7,5.4800143455899805e7,4.590051186838728e7,3.5356029302310646e7,2.7566382636943176e7,2.387413732508086e7,5.179766414440041e6,401151.21354507585
214,5.663728547269961e7,6.483077443845421e7,5.339383577819186e7,5.561706844488658e7,4.920332761078611e7,4.382359781406364e7,3.4303100858194634e7,3.2490264637202807e7,3.0348955533105567e7,2.0094548659276895e7,6.297817103297218e6,427494.3170891529
215,5.6636586987339824e7,6.452631896154514e7,6.620992029167205e7,6.476100776519781e7,5.399127058417277e7,4.47198937666899e7,3.6784212524929106e7,3.0280866838000365e7,2.2502377312969048e7,1.6831732971375827e7,6.927985242382542e6,509026.4498618387
216,5.661135470695256e7,6.611887895974976e7,6.134767865691133e7,5.23195904738e7,5.102692844997956e7,4.5209369146363646e7,4.114811721612324e7,3.742339052222106e7,3.1049477688378297e7,2.0844552114798672e7,6.02787890919266e6,220900.74288172298
217,5.6610416076017804e7,6.5075926075093746e7,4.551255269440799e7,4.3588012486588396e7,4.422606710849169e7,3.827812514124279e7,3.7745068441561684e7,2.9178408589193806e7,2.263203895114986e7,1.5044501735024523e7,5.925319950662147e6,439339.2244754026
218,5.66045095956622e7,6.6009856481388986e7,5.4721214525091305e7,5.308168291130048e7,4.839922229762992e7,4.297751076158893e7,3.888092521555278e7,2.9373129773269035e7,2.1836254559441738e7,1.5075437008898526e7,6.756915276273511e6,436801.7176646362
219,5.660223865229853e7,6.5787796586976826e7,8.32300021234327e7,5.824324904946999e7,5.563694355017027e7,4.71736168153138e7,3.925205847489728e7,3.3260823005639732e7,2.2000082977342054e7,1.2641488729369693e7,6.90945302932702e6,326312.5259635485
220,5.660176482818303e7,6.57877965065614e7,4.909191244449276e7,4.712323037605104e7,4.5428872208132625e7,3.959719769337273e7,3.709603370435095e7,2.912886871747999e7,2.3664345336529188e7,2.162745044683751e7,7.090954767118619e6,662613.2167963864
221,5.660122897581622e7,6.489529684222844e7,5.4982487349279046e7,4.3427175503271185e7,4.025276275478093e7,3.817836389307566e7,3.0282865073842585e7,2.7401401604176126e7,2.013917731070649e7,1.579556428311912e7,6.530412703528503e6,464512.0694271924
222,5.658951992045474e7,6.537879469830668e7,6.231684362970945e7,4.9769740027007304e7,4.451653292384426e7,4.104800442176962e7,3.983150535991073e7,2.9600375725650452e7,2.2706388523159355e7,1.5919878839456266e7,6.230591680301654e6,483675.74380385375
223,5.658935001061033e7,6.560426397754562e7,5.183937976930061e7,4.5839279365150295e7,4.461018142892113e7,4.034072533579838e7,3.0511018469106704e7,2.6128887670496196e7,2.195745544173301e7,1.688813471732433e7,6.509919756670407e6,236928.64666588127
224,5.6586199647293456e7,6.525467175940937e7,5.93490688220458e7,6.308611898381528e7,5.435445034479219e7,5.681449652470395e7,4.353208807268424e7,3.2218657616693787e7,3.107812895185195e7,2.9639962690591257e7,8.091779410028542e6,559710.6531120621
225,5.65735947098376e7,6.5448884167993546e7,5.180846824593391e7,4.591500388478082e7,4.108651670712873e7,3.876919922525674e7,3.671113610093629e7,3.2505600121159285e7,2.648007287438499e7,2.360873642229744e7,6.485102018734513e6,358917.86274657294
226,5.65732383297652e7,6.511897202093637e7,5.7003286061563544e7,5.354476249575041e7,4.999756916250533e7,4.688420288234572e7,4.12935939432285e7,3.2238986781550273e7,2.4530536807334e7,2.2945262546755355e7,7.255689158170196e6,662613.2167963975
227,5.65698679346562e7,6.526513270676547e7,7.249506664391813e7,4.989978176652615e7,4.6533597198611096e7,4.393372677065775e7,3.678567324666302e7,2.8432362041483976e7,1.819996023163567e7,1.6194472071625613e7,6.519460540143756e6,351208.91856577917
228,5.656976085526614e7,6.5265701793979526e7,5.4234530052456334e7,5.5539950372990966e7,5.068359977118975e7,4.281712204306571e7,4.478128547179009e7,3.731280565572278e7,2.6854698183166686e7,1.852030690103562e7,5.23840090692384e6,541031.667609885
229,5.656719119891224e7,6.523658932642269e7,5.702494335083039e7,6.18181465182516e7,5.216667735297415e7,4.4504118161731705e7,4.8359147477829784e7,5.10312734517729e7,4.376073726154217e7,2.740555777459819e7,6.843252091109551e6,298983.1505910906
230,5.656646574364841e7,6.5212471286334574e7,6.079685651279405e7,4.927388883537276e7,4.177430750542818e7,3.751987561238076e7,3.660314372161418e7,2.7481111162026256e7,2.1930435088355668e7,1.524304697590618e7,6.229555941096333e6,419006.8777631094
231,5.656439660906457e7,6.517879708474755e7,8.64569875443266e7,5.9022817615655825e7,5.590410956650001e7,6.0222451452073276e7,4.2230150576858655e7,3.913294815253997e7,3.634692856755079e7,3.367415705207862e7,8.091342053216117e6,558725.6926524835
232,5.656436637020823e7,6.5178796056134105e7,8.644262402891248e7,4.963234484447538e7,4.860087635816586e7,4.645284172903401e7,3.780608913952316e7,3.614665665846762e7,3.496702377166191e7,2.2880236930580214e7,7.092888828623798e6,644689.1085994174
233,5.656046785349518e7,6.5178395119068444e7,6.586186391085023e7,4.641703530677742e7,4.45914870444271e7,3.7648780690542266e7,2.938440920124109e7,2.3790278949094027e7,2.092177516295836e7,1.551415999186747e7,3.9427960099871e6,361799.8751976194
234,5.6560444121593e7,6.51648028305558e7,5.64270300284941e7,5.110205397930889e7,4.410693488634586e7,3.765013751345301e7,3.3194307130100623e7,2.5744797021565147e7,1.9148280878918238e7,1.6570615344172183e7,6.889120921794217e6,401150.8585426194
235,5.655903006166631e7,6.51646328242178e7,8.608048230747268e7,5.6453298591565415e7,6.4833605644574195e7,5.4277571672468275e7,4.6909818206079975e7,3.4649855073594324e7,2.690177121675959e7,2.693995511629462e7,8.091735281941495e6,558696.2143050976
236,5.6558918414587855e7,6.5104365497964144e7,6.104299276546875e7,4.7336537726835996e7,4.741955464317186e7,4.8518738090202734e7,4.180186520945877e7,3.473954149908816e7,2.4864260416653555e7,2.0070130535503283e7,6.886307804853905e6,316671.13364423974
237,5.655889252996901e7,6.510323926373017e7,5.310496571426281e7,4.185009167006028e7,3.9297886526027605e7,3.446523230589397e7,2.665095090685782e7,2.1577367266805157e7,1.772433968980377e7,1.2137699522983989e7,5.866378128340518e6,220902.41110131485
238,5.6549791433806464e7,6.510130181134361e7,6.356130727620427e7,6.332629638537119e7,5.716128591999084e7,4.6220807710731e7,4.074900193214476e7,4.22390574915711e7,4.032450736605709e7,2.4817096013278157e7,8.091737559940251e6,401150.8018745861
239,5.6517622501645625e7,6.44176933912026e7,6.700139775433645e7,8.806584054188144e7,9.892906039493954e7,9.791095615962833e7,5.896446594608417e7,4.447643329828118e7,3.399234679100881e7,2.16177451561893e7,6.768031409330186e6,513130.1243921709
240,5.651674974557165e7,6.443189259297854e7,4.827944425379388e7,4.6195918273968086e7,4.287440230243595e7,4.484872099236855e7,3.469814316556765e7,3.3006720013580807e7,2.4846864163417958e7,2.069196153841097e7,7.894737999700668e6,452746.10814789793
241,5.6511924863646284e7,6.434799880795556e7,8.133470558993506e7,5.755830747549918e7,5.015322721590656e7,4.1561206276317686e7,3.763925939133154e7,3.756978018309042e7,2.799891021665643e7,3.3507078414987236e7,7.847762345806134e6,662611.5191157253
242,5.651064537602673e7,6.415980183503461e7,5.1330767346246794e7,4.616979719427979e7,4.4115658240508184e7,3.7473059542724505e7,3.791059262251581e7,3.141203399780476e7,2.8132658746886134e7,1.7754563702374883e7,6.634075050293274e6,313029.30830700835
243,5.650449516610343e7,6.151024950883581e7,5.1905152959511764e7,4.611210138500142e7,4.442542648726703e7,3.899287215921262e7,3.352968155028911e7,2.7990504250678346e7,2.219036561255849e7,1.5579696924896259e7,6.586625808567255e6,233751.39959407639
244,5.6495713392855495e7,6.22299035545048e7,5.670475720756248e7,5.551336541329904e7,5.252866749913195e7,5.583464909939107e7,4.060676873315087e7,3.3417750083956555e7,2.4742555791080162e7,1.6539151609469634e7,6.169150845841293e6,401150.86613369395
245,5.649548211754231e7,6.410872585955724e7,4.9542681227091685e7,4.568750741813843e7,4.106647502757308e7,3.85636897980143e7,3.377301058307885e7,2.9914288839307025e7,2.1658879500968833e7,1.454809644763102e7,6.288565973037355e6,275979.1945952014
246,5.6493020915694945e7,6.4082672566894144e7,6.688285837586439e7,5.652891827011512e7,4.836068892848313e7,4.463704447867456e7,3.986721691238588e7,3.446663941074662e7,2.747784419556552e7,1.744993497293558e7,7.000420402124686e6,412933.419266338
247,5.6492525418697074e7,6.372489997478628e7,5.8711622464491144e7,5.798923871309957e7,5.1454235478582665e7,4.4551864772928625e7,4.4158968324309126e7,3.308328021213436e7,2.642179365028061e7,2.0351217906049404e7,7.297621103834624e6,464507.80479657324
248,5.6488805603160515e7,6.147014676435481e7,5.775678753953506e7,4.6653582543783106e7,4.729712987585345e7,4.07977940741218e7,3.655785252684653e7,2.860770702643107e7,2.2696765630372144e7,1.8341306490013797e7,6.978461949406693e6,401150.78639360383
249,5.6480140556831285e7,6.396570490463263e7,5.2713112219751865e7,5.820149260221115e7,6.037665829640457e7,5.289613516523227e7,3.65751347666792e7,2.8186749782967195e7,2.083296627093298e7,1.467702796979042e7,7.3587131995228855e6,422390.5419832433
250,5.647970421547158e7,6.1734010387603655e7,6.044234442007621e7,5.3302726017329976e7,4.6004186824875936e7,4.1241110131549e7,3.8988097903822914e7,2.8776778158823892e7,2.20956091703954e7,1.5880775699463388e7,6.928914787897327e6,220902.0058933762
251,5.647878971225377e7,6.3976403524314255e7,4.757334234830062e7,4.589361509511179e7,4.334094646572028e7,4.668237042960931e7,4.469094164106661e7,3.76949148315364e7,3.5558378699376345e7,2.5194031063005295e7,6.565701161573702e6,351533.38660442113
252,5.647843285229615e7,6.387826419987315e7,6.311788190133934e7,5.563951935211838e7,4.955772432829192e7,4.2961079722647056e7,3.3143271878906816e7,2.1740763901099615e7,1.9233013881845124e7,1.6303623898037795e7,6.487557498111083e6,386474.1635348686
253,5.6468421856300935e7,6.380490880249518e7,7.168679588553585e7,9.493702088813198e7,5.237621083779363e7,4.451095443013765e7,4.2375522688296035e7,3.41293973199365e7,2.322465143475622e7,1.8588930974251058e7,5.04835207078908e6,401151.0356346627
254,5.64673127738598e7,6.3830426009011775e7,5.68935386493151e7,5.2544904247764274e7,4.530668891209805e7,4.295223555115193e7,3.570564296355474e7,2.6429588463000156e7,2.051357325070342e7,1.6038790940669859e7,7.188699245142881e6,407767.89767406916
255,5.646678725700161e7,6.164237602405819e7,4.673273745940079e7,4.6693795807790205e7,4.241336668620661e7,4.198286266771492e7,4.059654451888044e7,3.8934045879446566e7,3.2418560926038954e7,2.2396128414398815e7,6.267568027368263e6,220901.0034486075
256,5.646659510166204e7,6.2893321087638155e7,4.570458271779308e7,4.792834520596692e7,4.2303682721303776e7,3.728353300992477e7,3.004776591936738e7,2.7312364811462e7,2.193858760469392e7,1.8135880711582802e7,5.975742365860534e6,249792.75203014995
257,5.64665168009131e7,6.201083394177669e7,6.589786140945026e7,5.368287917018781e7,5.773558391361548e7,5.402194154798809e7,5.349378607647875e7,4.468246235111968e7,3.171488419265368e7,2.1137425464644592e7,7.994025232556475e6,409449.9794846112
258,5.64660041667438e7,6.198323159048429e7,4.7946146527996555e7,4.7801835319552585e7,4.5138089300624564e7,4.262897979627773e7,3.483037408401403e7,2.9411474364187293e7,2.18058589493791e7,2.1167906445386797e7,7.048362620262308e6,465460.80630070396
259,5.6453376055687204e7,6.32781264029883e7,4.956549062927404e7,4.519330703374584e7,4.475091368101907e7,4.030842055767582e7,3.3632889811323434e7,3.0634923403065383e7,2.0945393666493446e7,1.6153448348290274e7,5.926218291615222e6,220900.7472087541
260,5.645290686923301e7,6.325871275714366e7,5.5071299647838004e7,4.442895787672894e7,4.619066208714652e7,4.618290853418532e7,4.05353057044816e7,3.4745717239615336e7,2.2662548580203526e7,1.6551151593012197e7,6.217980072416713e6,401150.6779014351
261,5.645283643701929e7,6.317584424331321e7,6.424714051939587e7,5.000281381603901e7,4.4020968164522976e7,3.812131189032513e7,3.2266724423522316e7,2.942590857381709e7,2.128716021380256e7,1.5871847640426047e7,5.862583276428427e6,220903.12057460062
262,5.645251424451267e7,6.317551002125695e7,4.425107926326144e7,4.078863147977798e7,3.7757752054318815e7,3.511261801420811e7,2.938304028653188e7,2.6745001658237584e7,2.176274274937821e7,1.6049244442281082e7,6.935698054802376e6,662611.5191157254
263,5.645223163435868e7,6.3218888161132425e7,6.4509586191982955e7,5.3423781274567336e7,4.70664022250579e7,3.98389161784769e7,3.526665559579931e7,2.9579553397121847e7,2.7463786304342836e7,1.802081521370483e7,6.953023185464892e6,464507.77945052425
264,5.644579336888673e7,6.3124024017037764e7,4.8834950378942855e7,4.518588542464036e7,4.412186643410914e7,4.612836334084168e7,3.832004501984018e7,2.9624262765205212e7,2.409367125747684e7,2.1987583180771526e7,6.284387279617957e6,327041.0489230964
265,5.644550507175104e7,6.308991946582478e7,4.975796242701075e7,4.2242743431232e7,4.2723982236420274e7,3.745866418274632e7,3.4771902822237045e7,2.8529397476707578e7,2.0531562330162898e7,1.5171569545510948e7,6.40273376080253e6,361812.58961876464
266,5.644538616455219e7,6.308991946613377e7,4.927568646768127e7,4.532999122128017e7,4.7510662561502054e7,4.095116148310429e7,3.389038493391894e7,2.884138040127357e7,2.189274215756712e7,1.6222348985912722e7,6.410702382659897e6,220900.99439828316
267,5.643588451001823e7,6.3089919497010246e7,6.027427462778172e7,5.110641761972128e7,4.603103339871323e7,3.980170176207569e7,4.031311653027856e7,2.9052760025110923e7,2.595749297392707e7,2.3988829700979054e7,7.20684440519472e6,394524.8670308005
268,5.643386945398645e7,6.308150629359703e7,4.797026993395633e7,5.193440705289081e7,4.721387962389277e7,3.994978068400672e7,3.0708923533190772e7,2.5411511258194253e7,2.139155215553327e7,1.5014040958451692e7,3.8157393763918434e6,278981.3370914798
269,5.643371632532446e7,6.304810771450265e7,6.030168398532538e7,5.3629627475262165e7,4.345675751223715e7,4.1430494067882955e7,3.3454285328140378e7,2.8702594889412552e7,2.047388951712836e7,1.5527420198648687e7,6.553283793450474e6,347945.47778965934
270,5.6432737299614504e7,6.304367123186199e7,5.589129518792301e7,5.072771042386016e7,4.7984893937368274e7,4.042042560529527e7,3.790888597264807e7,3.3152467698646337e7,2.638827479644298e7,2.042925891287701e7,5.4724809106776845e6,263629.5284437999
271,5.6431907360038325e7,6.289215238824892e7,4.3906336039345846e7,4.336217056259981e7,3.9957970165605724e7,3.47756798142699e7,3.030396709994167e7,2.8223135187932067e7,2.7750592124195255e7,1.6551956197397912e7,4.546709275071883e6,401149.81736138655
272,5.642805085483125e7,6.2864279423461765e7,4.636490246589637e7,4.682813107961336e7,4.151727264931776e7,3.6392995002747595e7,3.759217471591613e7,2.970937873682616e7,2.3195481387818582e7,1.966513785456721e7,7.172207320531357e6,391172.56827194244
273,5.642782551585466e7,6.284828842407712e7,6.378927984606382e7,4.858889760504744e7,4.358107504412939e7,3.678234349349816e7,3.7511911136347845e7,2.9356700463208906e7,2.315058320753577e7,2.1484845890409127e7,6.042821990248831e6,309690.7311075342
274,5.642661037263474e7,6.2846107335118875e7,6.031094110908894e7,4.8370013714583114e7,4.455840370465773e7,4.653521341685419e7,3.539945004190451e7,3.1095841421190687e7,2.6658223074530058e7,1.976758681472632e7,5.304243680564873e6,505635.97643784375
275,5.641489395860585e7,6.2818664067428395e7,4.8803420817600526e7,4.401532410755491e7,4.2257139736442015e7,4.0744319098415256e7,3.166327016926822e7,2.5524690653306596e7,2.1457507338371515e7,1.6490017012519464e7,7.187241313378282e6,606934.6273184638
276,5.6414390038066745e7,6.265433060010451e7,6.2021050882979244e7,4.931324358891332e7,4.513749622605115e7,4.058309960309088e7,3.671767177586524e7,2.8659709645519696e7,2.144312596006027e7,1.4831879459929412e7,6.088984131957091e6,223126.9287559305
277,5.641428354923e7,6.2654330613874346e7,5.589049614344157e7,5.126598068506906e7,4.477757321288836e7,4.083468204137525e7,4.023256396009725e7,2.8540292818485476e7,2.166553626076695e7,1.8746942238505617e7,5.661793114985184e6,249053.67285554152
278,5.64131212704753e7,5.573037285072287e7,7.121375310615122e7,5.6230323822064966e7,5.8575903811038315e7,6.508389023640555e7,7.96726834734801e7,4.978498748543352e7,3.2689496786139607e7,2.1142778480283648e7,6.618361790041473e6,267336.39872873476
279,5.641259035315378e7,6.117569423876302e7,5.6219793972676024e7,4.9992137503546156e7,4.649260013386592e7,4.140573632408647e7,4.012091056653915e7,3.077504313679692e7,2.3539713630730357e7,1.8305399402631164e7,6.3082485470426055e6,464512.1270951271
280,5.641237281023078e7,6.054252770385897e7,6.160537277491261e7,6.127299682514471e7,5.3299191961541146e7,5.170014725648378e7,4.103304064737579e7,2.722778058889304e7,2.362435484158708e7,1.6761553557535749e7,7.10115340564077e6,405289.0194250084
281,5.641035560850382e7,6.147323677821405e7,5.798868988087196e7,5.679813315294784e7,4.95571424058066e7,4.300303157774323e7,3.719245575869265e7,3.935863519062364e7,2.5826390647923954e7,2.0490510361972548e7,6.480612431323805e6,267223.9864941688
282,5.6394948111467645e7,6.186596835497987e7,5.1282798979980886e7,5.331836194434273e7,4.9618967468891874e7,4.325176851412542e7,3.395474324373594e7,2.6772342424033165e7,2.295778470425184e7,1.4062450947952662e7,5.01999606829075e6,403288.56406671443
283,5.639387573106381e7,6.269967185901673e7,5.9830195799888864e7,5.607958549505773e7,5.180558808431679e7,5.279289592267585e7,4.3285083370683014e7,3.650531513656607e7,2.8960714899600342e7,1.6543009144584887e7,7.007232399707822e6,528350.8392341579
284,5.639382376849795e7,6.26900553022313e7,6.676263550908443e7,6.4059330753088936e7,6.344185434733856e7,6.348082859161368e7,5.341382535001075e7,3.766811835192849e7,3.429782803083292e7,2.3851260584919043e7,8.090364293616175e6,309685.4565040675
285,5.639152374500712e7,6.26882719353106e7,8.275157201154277e7,5.858475596130876e7,5.2807781200864226e7,4.390706289329052e7,3.4954594032940924e7,3.260956297892368e7,2.5742159965105407e7,1.7728676158169016e7,4.631184017409694e6,662611.5191157241
286,5.639076489670484e7,6.267550345634106e7,5.6036962649734594e7,4.997391581511692e7,4.738468347850391e7,4.481060702535118e7,3.90392218465123e7,3.787296513503851e7,4.5338922748178914e7,3.6069103551416904e7,7.248756193669628e6,466934.2587854383
287,5.639031421742076e7,6.104354539751844e7,5.956220042010155e7,6.62065969093481e7,5.08730783541839e7,4.319404718416771e7,3.66682960598861e7,2.960582971085407e7,2.7247087128816307e7,2.530786485536225e7,6.797486350067536e6,401150.204782957
288,5.638505904139639e7,6.145218319577618e7,5.932149434025431e7,5.472579969901241e7,5.835210422545107e7,5.03559152314046e7,5.052316784757087e7,4.424558679615933e7,3.008236448026707e7,1.9236131759454843e7,6.779181653162878e6,259171.4257863884
289,5.6384835150785394e7,6.2485160945106626e7,5.6600465566730455e7,4.686248395036559e7,4.862677449719289e7,4.029052215873438e7,4.097508062263642e7,3.406459370326307e7,2.7190856560312428e7,1.9317408319462832e7,7.562299898415232e6,662611.3834546597
290,5.638439462192681e7,6.248370660453291e7,5.197742381670534e7,5.065350626507236e7,4.8898869250049144e7,4.9790562629973814e7,3.950100323305863e7,3.265326743148893e7,2.5063538660333946e7,1.6110745189830242e7,6.366393407088042e6,224077.98972425397
291,5.6378391318829566e7,6.121612605637416e7,5.20090709043011e7,4.965340884083766e7,4.486859076571792e7,3.984433162199192e7,3.764812464201586e7,2.8937379439204663e7,2.2070153846678622e7,1.7807193429456398e7,7.035723638569958e6,655395.8134863141
292,5.637740544063066e7,6.096456977700198e7,4.915958122321019e7,4.6234461931284785e7,4.670415617058368e7,4.048806782451101e7,3.504200814547877e7,3.168977253983295e7,2.4835508638618317e7,1.95784141754702e7,6.95235912267305e6,401150.77183743066
293,5.6376304768229455e7,6.1199165729528666e7,5.1066252846428916e7,5.215354983266547e7,4.124078419672533e7,3.871632688463242e7,3.738449926394352e7,2.996025159452033e7,2.4204870424600642e7,2.037660674826546e7,6.679600307991631e6,464512.07515747956
294,5.637537380929264e7,6.1238561363275036e7,5.874314013072179e7,4.989978539622095e7,4.475609252950649e7,3.888145043729003e7,3.935918240086369e7,3.078613848889114e7,3.085178965889197e7,3.218630059353076e7,6.822248696641223e6,283834.40898519626
295,5.6369168922575295e7,6.092963407689439e7,5.455858083185708e7,4.620519736131948e7,4.323164106144245e7,4.065426858370507e7,3.459473678728153e7,2.809916421522352e7,2.0909788374156393e7,1.495837212382201e7,6.280915241869442e6,221043.09834838874
296,5.636064721800064e7,6.126946961714539e7,6.053623564672433e7,4.6237923265318885e7,4.151971645958676e7,3.563013780972858e7,3.243341557226461e7,2.5290365616357796e7,1.886661734765567e7,1.5751817138402872e7,7.167937568498718e6,662609.8185265284
297,5.636061980600408e7,6.127197652005568e7,6.925302747607557e7,4.9006286721375786e7,4.6514764623512e7,4.125517558608733e7,3.1856146701160923e7,2.693587910919308e7,2.2627315977829337e7,2.3890280240760013e7,7.1451437376703955e6,662609.8070220811
298,5.635695349592051e7,6.1271353933152646e7,8.262453554935399e7,6.875747014993289e7,6.31209191258274e7,5.709987175404605e7,3.682249242602655e7,2.8873099467139214e7,2.2730796772531502e7,1.661568230589693e7,6.844414798966614e6,248127.5328620206
299,5.635133396302533e7,6.116303290724532e7,5.3816605239302665e7,4.768152273479364e7,4.6914470779964745e7,4.04511241643101e7,3.802206411265303e7,3.602876688734086e7,2.7220572555591606e7,2.037934061241599e7,7.018798847268595e6,290031.7675816546
300,5.634322688518281e7,6.0458083165532425e7,7.487715308495384e7,7.03274632233991e7,6.5426847442350626e7,6.609768333161613e7,5.8671359366196156e7,4.660480222424489e7,3.4465958946040705e7,1.3180051496890815e7,6.924318109633096e6,509018.92107294337
301,Inf,Inf,Inf,Inf,Inf,Inf,Inf,Inf,Inf,Inf,Inf,Inf
302,Inf,Inf,Inf,Inf,Inf,Inf,Inf,Inf,Inf,Inf,Inf,Inf
303,Inf,Inf,Inf,Inf,Inf,Inf,Inf,Inf,Inf,Inf,Inf,Inf
304,Inf,Inf,Inf,Inf,Inf,Inf,Inf,Inf,Inf,Inf,Inf,Inf
305,Inf,Inf,Inf,Inf,Inf,Inf,Inf,Inf,Inf,Inf,Inf,Inf
306,Inf,Inf,Inf,Inf,Inf,Inf,Inf,Inf,Inf,Inf,Inf,Inf
307,Inf,Inf,Inf,Inf,Inf,Inf,Inf,Inf,Inf,Inf,Inf,Inf
308,Inf,Inf,Inf,Inf,Inf,Inf,Inf,Inf,Inf,Inf,Inf,Inf
309,Inf,Inf,Inf,Inf,Inf,Inf,Inf,Inf,Inf,Inf,Inf,Inf
310,Inf,Inf,Inf,Inf,Inf,Inf,Inf,Inf,Inf,Inf,Inf,Inf
311,Inf,Inf,Inf,Inf,Inf,Inf,Inf,Inf,Inf,Inf,Inf,Inf
312,Inf,Inf,Inf,Inf,Inf,Inf,Inf,Inf,Inf,Inf,Inf,Inf
313,Inf,Inf,Inf,Inf,Inf,Inf,Inf,Inf,Inf,Inf,Inf,Inf
314,Inf,Inf,Inf,Inf,Inf,Inf,Inf,Inf,Inf,Inf,Inf,Inf
315,Inf,Inf,Inf,Inf,Inf,Inf,Inf,Inf,Inf,Inf,Inf,Inf
316,Inf,Inf,Inf,Inf,Inf,Inf,Inf,Inf,Inf,Inf,Inf,Inf
317,Inf,Inf,Inf,Inf,Inf,Inf,Inf,Inf,Inf,Inf,Inf,Inf
318,Inf,Inf,Inf,Inf,Inf,Inf,Inf,Inf,Inf,Inf,Inf,Inf
319,Inf,Inf,Inf,Inf,Inf,Inf,Inf,Inf,Inf,Inf,Inf,Inf
320,Inf,Inf,Inf,Inf,Inf,Inf,Inf,Inf,Inf,Inf,Inf,Inf
321,Inf,Inf,Inf,Inf,Inf,Inf,Inf,Inf,Inf,Inf,Inf,Inf
322,Inf,Inf,Inf,Inf,Inf,Inf,Inf,Inf,Inf,Inf,Inf,Inf
323,Inf,Inf,Inf,Inf,Inf,Inf,Inf,Inf,Inf,Inf,Inf,Inf
324,Inf,Inf,Inf,Inf,Inf,Inf,Inf,Inf,Inf,Inf,Inf,Inf
325,Inf,Inf,Inf,Inf,Inf,Inf,Inf,Inf,Inf,Inf,Inf,Inf
326,Inf,Inf,Inf,Inf,Inf,Inf,Inf,Inf,Inf,Inf,Inf,Inf
327,Inf,Inf,Inf,Inf,Inf,Inf,Inf,Inf,Inf,Inf,Inf,Inf
328,Inf,Inf,Inf,Inf,Inf,Inf,Inf,Inf,Inf,Inf,Inf,Inf
329,Inf,Inf,Inf,Inf,Inf,Inf,Inf,Inf,Inf,Inf,Inf,Inf
330,Inf,Inf,Inf,Inf,Inf,Inf,Inf,Inf,Inf,Inf,Inf,Inf
331,Inf,Inf,Inf,Inf,Inf,Inf,Inf,Inf,Inf,Inf,Inf,Inf
332,Inf,Inf,Inf,Inf,Inf,Inf,Inf,Inf,Inf,Inf,Inf,Inf
333,Inf,Inf,Inf,Inf,Inf,Inf,Inf,Inf,Inf,Inf,Inf,Inf
334,Inf,Inf,Inf,Inf,Inf,Inf,Inf,Inf,Inf,Inf,Inf,Inf
335,Inf,Inf,Inf,Inf,Inf,Inf,Inf,Inf,Inf,Inf,Inf,Inf
336,Inf,Inf,Inf,Inf,Inf,Inf,Inf,Inf,Inf,Inf,Inf,Inf
337,Inf,Inf,Inf,Inf,Inf,Inf,Inf,Inf,Inf,Inf,Inf,Inf
338,Inf,Inf,Inf,Inf,Inf,Inf,Inf,Inf,Inf,Inf,Inf,Inf
339,Inf,Inf,Inf,Inf,Inf,Inf,Inf,Inf,Inf,Inf,Inf,Inf
340,Inf,Inf,Inf,Inf,Inf,Inf,Inf,Inf,Inf,Inf,Inf,Inf
341,Inf,Inf,Inf,Inf,Inf,Inf,Inf,Inf,Inf,Inf,Inf,Inf
342,Inf,Inf,Inf,Inf,Inf,Inf,Inf,Inf,Inf,Inf,Inf,Inf
343,Inf,Inf,Inf,Inf,Inf,Inf,Inf,Inf,Inf,Inf,Inf,Inf
344,Inf,Inf,Inf,Inf,Inf,Inf,Inf,Inf,Inf,Inf,Inf,Inf
345,Inf,Inf,Inf,Inf,Inf,Inf,Inf,Inf,Inf,Inf,Inf,Inf
346,Inf,Inf,Inf,Inf,Inf,Inf,Inf,Inf,Inf,Inf,Inf,Inf
347,Inf,Inf,Inf,Inf,Inf,Inf,Inf,Inf,Inf,Inf,Inf,Inf
348,Inf,Inf,Inf,Inf,Inf,Inf,Inf,Inf,Inf,Inf,Inf,Inf
349,Inf,Inf,Inf,Inf,Inf,Inf,Inf,Inf,Inf,Inf,Inf,Inf
350,Inf,Inf,Inf,Inf,Inf,Inf,Inf,Inf,Inf,Inf,Inf,Inf
351,Inf,Inf,Inf,Inf,Inf,Inf,Inf,Inf,Inf,Inf,Inf,Inf
352,Inf,Inf,Inf,Inf,Inf,Inf,Inf,Inf,Inf,Inf,Inf,Inf
353,Inf,Inf,Inf,Inf,Inf,Inf,Inf,Inf,Inf,Inf,Inf,Inf
354,Inf,Inf,Inf,Inf,Inf,Inf,Inf,Inf,Inf,Inf,Inf,Inf
355,Inf,Inf,Inf,Inf,Inf,Inf,Inf,Inf,Inf,Inf,Inf,Inf
356,Inf,Inf,Inf,Inf,Inf,Inf,Inf,Inf,Inf,Inf,Inf,Inf
357,Inf,Inf,Inf,Inf,Inf,Inf,Inf,Inf,Inf,Inf,Inf,Inf
358,Inf,Inf,Inf,Inf,Inf,Inf,Inf,Inf,Inf,Inf,Inf,Inf
359,Inf,Inf,Inf,Inf,Inf,Inf,Inf,Inf,Inf,Inf,Inf,Inf
360,Inf,Inf,Inf,Inf,Inf,Inf,Inf,Inf,Inf,Inf,Inf,Inf
361,Inf,Inf,Inf,Inf,Inf,Inf,Inf,Inf,Inf,Inf,Inf,Inf
362,Inf,Inf,Inf,Inf,Inf,Inf,Inf,Inf,Inf,Inf,Inf,Inf
363,Inf,Inf,Inf,Inf,Inf,Inf,Inf,Inf,Inf,Inf,Inf,Inf
364,Inf,Inf,Inf,Inf,Inf,Inf,Inf,Inf,Inf,Inf,Inf,Inf
365,Inf,Inf,Inf,Inf,Inf,Inf,Inf,Inf,Inf,Inf,Inf,Inf
366,Inf,Inf,Inf,Inf,Inf,Inf,Inf,Inf,Inf,Inf,Inf,Inf
367,Inf,Inf,Inf,Inf,Inf,Inf,Inf,Inf,Inf,Inf,Inf,Inf
368,Inf,Inf,Inf,Inf,Inf,Inf,Inf,Inf,Inf,Inf,Inf,Inf
369,Inf,Inf,Inf,Inf,Inf,Inf,Inf,Inf,Inf,Inf,Inf,Inf
370,Inf,Inf,Inf,Inf,Inf,Inf,Inf,Inf,Inf,Inf,Inf,Inf
371,Inf,Inf,Inf,Inf,Inf,Inf,Inf,Inf,Inf,Inf,Inf,Inf
372,Inf,Inf,Inf,Inf,Inf,Inf,Inf,Inf,Inf,Inf,Inf,Inf
373,Inf,Inf,Inf,Inf,Inf,Inf,Inf,Inf,Inf,Inf,Inf,Inf
374,Inf,Inf,Inf,Inf,Inf,Inf,Inf,Inf,Inf,Inf,Inf,Inf
375,Inf,Inf,Inf,Inf,Inf,Inf,Inf,Inf,Inf,Inf,Inf,Inf
376,Inf,Inf,Inf,Inf,Inf,Inf,Inf,Inf,Inf,Inf,Inf,Inf
377,Inf,Inf,Inf,Inf,Inf,Inf,Inf,Inf,Inf,Inf,Inf,Inf
378,Inf,Inf,Inf,Inf,Inf,Inf,Inf,Inf,Inf,Inf,Inf,Inf
379,Inf,Inf,Inf,Inf,Inf,Inf,Inf,Inf,Inf,Inf,Inf,Inf
380,Inf,Inf,Inf,Inf,Inf,Inf,Inf,Inf,Inf,Inf,Inf,Inf
381,Inf,Inf,Inf,Inf,Inf,Inf,Inf,Inf,Inf,Inf,Inf,Inf
382,Inf,Inf,Inf,Inf,Inf,Inf,Inf,Inf,Inf,Inf,Inf,Inf
383,Inf,Inf,Inf,Inf,Inf,Inf,Inf,Inf,Inf,Inf,Inf,Inf
384,Inf,Inf,Inf,Inf,Inf,Inf,Inf,Inf,Inf,Inf,Inf,Inf
385,Inf,Inf,Inf,Inf,Inf,Inf,Inf,Inf,Inf,Inf,Inf,Inf
386,Inf,Inf,Inf,Inf,Inf,Inf,Inf,Inf,Inf,Inf,Inf,Inf
387,Inf,Inf,Inf,Inf,Inf,Inf,Inf,Inf,Inf,Inf,Inf,Inf
388,Inf,Inf,Inf,Inf,Inf,Inf,Inf,Inf,Inf,Inf,Inf,Inf
389,Inf,Inf,Inf,Inf,Inf,Inf,Inf,Inf,Inf,Inf,Inf,Inf
390,Inf,Inf,Inf,Inf,Inf,Inf,Inf,Inf,Inf,Inf,Inf,Inf
391,Inf,Inf,Inf,Inf,Inf,Inf,Inf,Inf,Inf,Inf,Inf,Inf
392,Inf,Inf,Inf,Inf,Inf,Inf,Inf,Inf,Inf,Inf,Inf,Inf
393,Inf,Inf,Inf,Inf,Inf,Inf,Inf,Inf,Inf,Inf,Inf,Inf
394,Inf,Inf,Inf,Inf,Inf,Inf,Inf,Inf,Inf,Inf,Inf,Inf
395,Inf,Inf,Inf,Inf,Inf,Inf,Inf,Inf,Inf,Inf,Inf,Inf
396,Inf,Inf,Inf,Inf,Inf,Inf,Inf,Inf,Inf,Inf,Inf,Inf
397,Inf,Inf,Inf,Inf,Inf,Inf,Inf,Inf,Inf,Inf,Inf,Inf
398,Inf,Inf,Inf,Inf,Inf,Inf,Inf,Inf,Inf,Inf,Inf,Inf
399,Inf,Inf,Inf,Inf,Inf,Inf,Inf,Inf,Inf,Inf,Inf,Inf
400,Inf,Inf,Inf,Inf,Inf,Inf,Inf,Inf,Inf,Inf,Inf,Inf
401,Inf,Inf,Inf,Inf,Inf,Inf,Inf,Inf,Inf,Inf,Inf,Inf
402,Inf,Inf,Inf,Inf,Inf,Inf,Inf,Inf,Inf,Inf,Inf,Inf
403,Inf,Inf,Inf,Inf,Inf,Inf,Inf,Inf,Inf,Inf,Inf,Inf
404,Inf,Inf,Inf,Inf,Inf,Inf,Inf,Inf,Inf,Inf,Inf,Inf
405,Inf,Inf,Inf,Inf,Inf,Inf,Inf,Inf,Inf,Inf,Inf,Inf
406,Inf,Inf,Inf,Inf,Inf,Inf,Inf,Inf,Inf,Inf,Inf,Inf
407,Inf,Inf,Inf,Inf,Inf,Inf,Inf,Inf,Inf,Inf,Inf,Inf
408,Inf,Inf,Inf,Inf,Inf,Inf,Inf,Inf,Inf,Inf,Inf,Inf
409,Inf,Inf,Inf,Inf,Inf,Inf,Inf,Inf,Inf,Inf,Inf,Inf
410,Inf,Inf,Inf,Inf,Inf,Inf,Inf,Inf,Inf,Inf,Inf,Inf
411,Inf,Inf,Inf,Inf,Inf,Inf,Inf,Inf,Inf,Inf,Inf,Inf
412,Inf,Inf,Inf,Inf,Inf,Inf,Inf,Inf,Inf,Inf,Inf,Inf
413,Inf,Inf,Inf,Inf,Inf,Inf,Inf,Inf,Inf,Inf,Inf,Inf
414,Inf,Inf,Inf,Inf,Inf,Inf,Inf,Inf,Inf,Inf,Inf,Inf
415,Inf,Inf,Inf,Inf,Inf,Inf,Inf,Inf,Inf,Inf,Inf,Inf
416,Inf,Inf,Inf,Inf,Inf,Inf,Inf,Inf,Inf,Inf,Inf,Inf
417,Inf,Inf,Inf,Inf,Inf,Inf,Inf,Inf,Inf,Inf,Inf,Inf
418,Inf,Inf,Inf,Inf,Inf,Inf,Inf,Inf,Inf,Inf,Inf,Inf
419,Inf,Inf,Inf,Inf,Inf,Inf,Inf,Inf,Inf,Inf,Inf,Inf
420,Inf,Inf,Inf,Inf,Inf,Inf,Inf,Inf,Inf,Inf,Inf,Inf
421,Inf,Inf,Inf,Inf,Inf,Inf,Inf,Inf,Inf,Inf,Inf,Inf
422,Inf,Inf,Inf,Inf,Inf,Inf,Inf,Inf,Inf,Inf,Inf,Inf
423,Inf,Inf,Inf,Inf,Inf,Inf,Inf,Inf,Inf,Inf,Inf,Inf
424,Inf,Inf,Inf,Inf,Inf,Inf,Inf,Inf,Inf,Inf,Inf,Inf
425,Inf,Inf,Inf,Inf,Inf,Inf,Inf,Inf,Inf,Inf,Inf,Inf
426,Inf,Inf,Inf,Inf,Inf,Inf,Inf,Inf,Inf,Inf,Inf,Inf
427,Inf,Inf,Inf,Inf,Inf,Inf,Inf,Inf,Inf,Inf,Inf,Inf
428,Inf,Inf,Inf,Inf,Inf,Inf,Inf,Inf,Inf,Inf,Inf,Inf
429,Inf,Inf,Inf,Inf,Inf,Inf,Inf,Inf,Inf,Inf,Inf,Inf
430,Inf,Inf,Inf,Inf,Inf,Inf,Inf,Inf,Inf,Inf,Inf,Inf
431,Inf,Inf,Inf,Inf,Inf,Inf,Inf,Inf,Inf,Inf,Inf,Inf
432,Inf,Inf,Inf,Inf,Inf,Inf,Inf,Inf,Inf,Inf,Inf,Inf
433,Inf,Inf,Inf,Inf,Inf,Inf,Inf,Inf,Inf,Inf,Inf,Inf
434,Inf,Inf,Inf,Inf,Inf,Inf,Inf,Inf,Inf,Inf,Inf,Inf
435,Inf,Inf,Inf,Inf,Inf,Inf,Inf,Inf,Inf,Inf,Inf,Inf
436,Inf,Inf,Inf,Inf,Inf,Inf,Inf,Inf,Inf,Inf,Inf,Inf
437,Inf,Inf,Inf,Inf,Inf,Inf,Inf,Inf,Inf,Inf,Inf,Inf
438,Inf,Inf,Inf,Inf,Inf,Inf,Inf,Inf,Inf,Inf,Inf,Inf
439,Inf,Inf,Inf,Inf,Inf,Inf,Inf,Inf,Inf,Inf,Inf,Inf
440,Inf,Inf,Inf,Inf,Inf,Inf,Inf,Inf,Inf,Inf,Inf,Inf
441,Inf,Inf,Inf,Inf,Inf,Inf,Inf,Inf,Inf,Inf,Inf,Inf
442,Inf,Inf,Inf,Inf,Inf,Inf,Inf,Inf,Inf,Inf,Inf,Inf
443,Inf,Inf,Inf,Inf,Inf,Inf,Inf,Inf,Inf,Inf,Inf,Inf
444,Inf,Inf,Inf,Inf,Inf,Inf,Inf,Inf,Inf,Inf,Inf,Inf
445,Inf,Inf,Inf,Inf,Inf,Inf,Inf,Inf,Inf,Inf,Inf,Inf
446,Inf,Inf,Inf,Inf,Inf,Inf,Inf,Inf,Inf,Inf,Inf,Inf
447,Inf,Inf,Inf,Inf,Inf,Inf,Inf,Inf,Inf,Inf,Inf,Inf
448,Inf,Inf,Inf,Inf,Inf,Inf,Inf,Inf,Inf,Inf,Inf,Inf
449,Inf,Inf,Inf,Inf,Inf,Inf,Inf,Inf,Inf,Inf,Inf,Inf
450,Inf,Inf,Inf,Inf,Inf,Inf,Inf,Inf,Inf,Inf,Inf,Inf
451,Inf,Inf,Inf,Inf,Inf,Inf,Inf,Inf,Inf,Inf,Inf,Inf
452,Inf,Inf,Inf,Inf,Inf,Inf,Inf,Inf,Inf,Inf,Inf,Inf
453,Inf,Inf,Inf,Inf,Inf,Inf,Inf,Inf,Inf,Inf,Inf,Inf
454,Inf,Inf,Inf,Inf,Inf,Inf,Inf,Inf,Inf,Inf,Inf,Inf
455,Inf,Inf,Inf,Inf,Inf,Inf,Inf,Inf,Inf,Inf,Inf,Inf
456,Inf,Inf,Inf,Inf,Inf,Inf,Inf,Inf,Inf,Inf,Inf,Inf
457,Inf,Inf,Inf,Inf,Inf,Inf,Inf,Inf,Inf,Inf,Inf,Inf
458,Inf,Inf,Inf,Inf,Inf,Inf,Inf,Inf,Inf,Inf,Inf,Inf
459,Inf,Inf,Inf,Inf,Inf,Inf,Inf,Inf,Inf,Inf,Inf,Inf
460,Inf,Inf,Inf,Inf,Inf,Inf,Inf,Inf,Inf,Inf,Inf,Inf
461,Inf,Inf,Inf,Inf,Inf,Inf,Inf,Inf,Inf,Inf,Inf,Inf
462,Inf,Inf,Inf,Inf,Inf,Inf,Inf,Inf,Inf,Inf,Inf,Inf
463,Inf,Inf,Inf,Inf,Inf,Inf,Inf,Inf,Inf,Inf,Inf,Inf
464,Inf,Inf,Inf,Inf,Inf,Inf,Inf,Inf,Inf,Inf,Inf,Inf
465,Inf,Inf,Inf,Inf,Inf,Inf,Inf,Inf,Inf,Inf,Inf,Inf
466,Inf,Inf,Inf,Inf,Inf,Inf,Inf,Inf,Inf,Inf,Inf,Inf
467,Inf,Inf,Inf,Inf,Inf,Inf,Inf,Inf,Inf,Inf,Inf,Inf
468,Inf,Inf,Inf,Inf,Inf,Inf,Inf,Inf,Inf,Inf,Inf,Inf
469,Inf,Inf,Inf,Inf,Inf,Inf,Inf,Inf,Inf,Inf,Inf,Inf
470,Inf,Inf,Inf,Inf,Inf,Inf,Inf,Inf,Inf,Inf,Inf,Inf
471,Inf,Inf,Inf,Inf,Inf,Inf,Inf,Inf,Inf,Inf,Inf,Inf
472,Inf,Inf,Inf,Inf,Inf,Inf,Inf,Inf,Inf,Inf,Inf,Inf
473,Inf,Inf,Inf,Inf,Inf,Inf,Inf,Inf,Inf,Inf,Inf,Inf
474,Inf,Inf,Inf,Inf,Inf,Inf,Inf,Inf,Inf,Inf,Inf,Inf
475,Inf,Inf,Inf,Inf,Inf,Inf,Inf,Inf,Inf,Inf,Inf,Inf
476,Inf,Inf,Inf,Inf,Inf,Inf,Inf,Inf,Inf,Inf,Inf,Inf
477,Inf,Inf,Inf,Inf,Inf,Inf,Inf,Inf,Inf,Inf,Inf,Inf
478,Inf,Inf,Inf,Inf,Inf,Inf,Inf,Inf,Inf,Inf,Inf,Inf
479,Inf,Inf,Inf,Inf,Inf,Inf,Inf,Inf,Inf,Inf,Inf,Inf
480,Inf,Inf,Inf,Inf,Inf,Inf,Inf,Inf,Inf,Inf,Inf,Inf
481,Inf,Inf,Inf,Inf,Inf,Inf,Inf,Inf,Inf,Inf,Inf,Inf
482,Inf,Inf,Inf,Inf,Inf,Inf,Inf,Inf,Inf,Inf,Inf,Inf
483,Inf,Inf,Inf,Inf,Inf,Inf,Inf,Inf,Inf,Inf,Inf,Inf
484,Inf,Inf,Inf,Inf,Inf,Inf,Inf,Inf,Inf,Inf,Inf,Inf
485,Inf,Inf,Inf,Inf,Inf,Inf,Inf,Inf,Inf,Inf,Inf,Inf
486,Inf,Inf,Inf,Inf,Inf,Inf,Inf,Inf,Inf,Inf,Inf,Inf
487,Inf,Inf,Inf,Inf,Inf,Inf,Inf,Inf,Inf,Inf,Inf,Inf
488,Inf,Inf,Inf,Inf,Inf,Inf,Inf,Inf,Inf,Inf,Inf,Inf
489,Inf,Inf,Inf,Inf,Inf,Inf,Inf,Inf,Inf,Inf,Inf,Inf
490,Inf,Inf,Inf,Inf,Inf,Inf,Inf,Inf,Inf,Inf,Inf,Inf
491,Inf,Inf,Inf,Inf,Inf,Inf,Inf,Inf,Inf,Inf,Inf,Inf
492,Inf,Inf,Inf,Inf,Inf,Inf,Inf,Inf,Inf,Inf,Inf,Inf
493,Inf,Inf,Inf,Inf,Inf,Inf,Inf,Inf,Inf,Inf,Inf,Inf
494,Inf,Inf,Inf,Inf,Inf,Inf,Inf,Inf,Inf,Inf,Inf,Inf
495,Inf,Inf,Inf,Inf,Inf,Inf,Inf,Inf,Inf,Inf,Inf,Inf
496,Inf,Inf,Inf,Inf,Inf,Inf,Inf,Inf,Inf,Inf,Inf,Inf
497,Inf,Inf,Inf,Inf,Inf,Inf,Inf,Inf,Inf,Inf,Inf,Inf
498,Inf,Inf,Inf,Inf,Inf,Inf,Inf,Inf,Inf,Inf,Inf,Inf
499,Inf,Inf,Inf,Inf,Inf,Inf,Inf,Inf,Inf,Inf,Inf,Inf
500,Inf,Inf,Inf,Inf,Inf,Inf,Inf,Inf,Inf,Inf,Inf,Inf
